WwRc2SEo-VI\tHow to Make Yourself Unbreakable | DJ Shipley, Retired Navy SEAL\tNA\thttps://www.youtube.com/watch?v=WwRc2SEo-VI\tNA\t13356.0
VqiPNN4Jblk\tEssentials: How Humans Select & Keep Romantic Partners in the Short & Long Term | Dr. David Buss\tNA\thttps://www.youtube.com/watch?v=VqiPNN4Jblk\tNA\t1862.0
MlmFj1-mOtg\tEnhance Your Learning Speed & Health Using Neuroscience Based Protocols | Dr. Poppy Crum\tNA\thttps://www.youtube.com/watch?v=MlmFj1-mOtg\tNA\t9351.0
pN1UL1M9sqc\tUsing Your Nervous System to Enhance Your Immune System | Huberman Lab Essentials\tNA\thttps://www.youtube.com/watch?v=pN1UL1M9sqc\tNA\t2182.0
7SIjcX5B1Vs\tBuild Your Ideal Physique | Dr. Bret Contreras\tNA\thttps://www.youtube.com/watch?v=7SIjcX5B1Vs\tNA\t11037.0
dy_iLCJggO0\tEssentials: How to Exercise for Strength Gains & Hormone Optimization | Dr. Duncan French\tNA\thttps://www.youtube.com/watch?v=dy_iLCJggO0\tNA\t2097.0
2t4vswC-3mY\tHow to Expand Your Consciousness | Dr. Christof Koch\tNA\thttps://www.youtube.com/watch?v=2t4vswC-3mY\tNA\t7903.0
cIla9axQRyM\tFood & Supplements for Brain Health & Cognitive Performance | Huberman Lab Essentials\tNA\thttps://www.youtube.com/watch?v=cIla9axQRyM\tNA\t1955.0
cjAvD-U5so0\tTransform Your Metabolic Health & Longevity by Knowing Your Unique Biology | Dr. Michael Snyder\tNA\thttps://www.youtube.com/watch?v=cjAvD-U5so0\tNA\t9905.0
alVWRl_X_AA\tEssentials: Science of Mindsets for Health & Performance | Dr. Alia Crum\tNA\thttps://www.youtube.com/watch?v=alVWRl_X_AA\tNA\t2053.0
4TsOnsPDKKY\tHow to Set & Achieve Massive Goals | Alex Honnold\tNA\thttps://www.youtube.com/watch?v=4TsOnsPDKKY\tNA\t6553.0
D61jJJPIQeo\tEffects of Fasting & Time Restricted Eating on Fat Loss & Health | Huberman Lab Essentials\tNA\thttps://www.youtube.com/watch?v=D61jJJPIQeo\tNA\t2303.0
Whe2Jh9q6jI\tScience & Health Benefits of Belief in God & Religion | Dr. David DeSteno\tNA\thttps://www.youtube.com/watch?v=Whe2Jh9q6jI\tNA\t8658.0
2XMb3MD6g6Q\tEssentials: Timing Light for Better Sleep, Energy & Mood | Dr. Samer Hattar\tNA\thttps://www.youtube.com/watch?v=2XMb3MD6g6Q\tNA\t1845.0
H4mMZ0vliMo\tCuring Autism, Epilepsy & Schizophrenia with Stem Cells | Dr. Sergiu Pașca\tNA\thttps://www.youtube.com/watch?v=H4mMZ0vliMo\tNA\t8595.0
XeN6eGO6FVQ\tControlling Your Dopamine for Motivation, Focus & Satisfaction | Huberman Lab Essentials\tNA\thttps://www.youtube.com/watch?v=XeN6eGO6FVQ\tNA\t1974.0
rcAyjg-oy84\tDr. Michael Kilgard: How to Rewire Your Brain & Learn Faster\tNA\thttps://www.youtube.com/watch?v=rcAyjg-oy84\tNA\t11376.0
aZklQpFa2kE\tEssentials: Increase Strength & Endurance with Cooling Protocols | Dr. Craig Heller\tNA\thttps://www.youtube.com/watch?v=aZklQpFa2kE\tNA\t1881.0
Ibj1k3IZTNU\tHow to Control Your Cortisol & Overcome Burnout\tNA\thttps://www.youtube.com/watch?v=Ibj1k3IZTNU\tNA\t8176.0
LAwBdRR4wQk\tADHD & How Anyone Can Improve Their Focus | Huberman Lab Essentials\tNA\thttps://www.youtube.com/watch?v=LAwBdRR4wQk\tNA\t2275.0
k8SBJzsIWAo\tMale vs. Female Brain Differences & How They Arise From Genes & Hormones | Dr. Nirao Shah\tNA\thttps://www.youtube.com/watch?v=k8SBJzsIWAo\tNA\t8804.0
OvHbhzArbfE\tEssentials: Psychedelics for Treating Mental Disorders | Dr. Matthew Johnson\tNA\thttps://www.youtube.com/watch?v=OvHbhzArbfE\tNA\t2088.0
gyE6Z4GLEeM\tHealth Effects & Risks of Kratom, Opioids & Other Natural Occurring Medicines | Dr. Chris McCurdy\tNA\thttps://www.youtube.com/watch?v=gyE6Z4GLEeM\tNA\t9773.0
mJv1_esiJ8g\tHealthy Eating & Eating Disorders - Anorexia, Bulimia, Binging | Huberman Lab Essentials\tNA\thttps://www.youtube.com/watch?v=mJv1_esiJ8g\tNA\t2373.0
ewnvjnuFTOY\tHow Nature & Other Physical Environments Impact Your Focus, Cognition & Health | Dr. Marc Berman\tNA\thttps://www.youtube.com/watch?v=ewnvjnuFTOY\tNA\t7906.0
WxtxzRdJFTI\tEssentials: Science of Stress, Testosterone, Aggression & Motivation | Dr. Robert Sapolsky\tNA\thttps://www.youtube.com/watch?v=WxtxzRdJFTI\tNA\t1855.0
h_1zlead9ZU\tHow to Lose Fat & Gain Muscle With Nutrition | Alan Aragon\tNA\thttps://www.youtube.com/watch?v=h_1zlead9ZU\tNA\t9249.0
HWcphoKlbxY\tUnderstanding & Conquering Depression | Huberman Lab Essentials\tNA\thttps://www.youtube.com/watch?v=HWcphoKlbxY\tNA\t2141.0
zqANjUGarAw\tThe Chemistry of Food & Taste | Dr. Harold McGee\tNA\thttps://www.youtube.com/watch?v=zqANjUGarAw\tNA\t8000.0
i4gvIeA3RcI\tEssentials: Understanding & Treating Addiction | Dr. Anna Lembke\tNA\thttps://www.youtube.com/watch?v=i4gvIeA3RcI\tNA\t1911.0
CLbVW3Pj46A\tControl Your Vagus Nerve to Improve Mood, Alertness & Neuroplasticity\tNA\thttps://www.youtube.com/watch?v=CLbVW3Pj46A\tNA\t6675.0
vm1GbSPx48g\tHow to Control Your Sense of Pain & Pleasure | Huberman Lab Essentials\tNA\thttps://www.youtube.com/watch?v=vm1GbSPx48g\tNA\t1965.0
SsKkZTjUJEk\tHow to Grow From Doing Hard Things | Michael Easter\tNA\thttps://www.youtube.com/watch?v=SsKkZTjUJEk\tNA\t11141.0
JaRGJVrJBQ8\tThe Science & Practice of Perfecting Your Sleep | Huberman Lab Essentials\tNA\thttps://www.youtube.com/watch?v=JaRGJVrJBQ8\tNA\t2138.0
2Y_PxTxLFVg\tImproving Science & Restoring Trust in Public Health | Dr. Jay Bhattacharya\tNA\thttps://www.youtube.com/watch?v=2Y_PxTxLFVg\tNA\t15994.0
2ZkJtIouKzE\tImproving Health With Stronger Brain-Body Connection | Huberman Lab Essentials\tNA\thttps://www.youtube.com/watch?v=2ZkJtIouKzE\tNA\t2121.0
inUkNZe5H3k\tHealing From Grief & Loss | Dr. Mary-Frances O'Connor\tNA\thttps://www.youtube.com/watch?v=inUkNZe5H3k\tNA\t9156.0
SCzecagKBjY\tEssentials: Machines, Creativity & Love | Dr. Lex Fridman\tNA\thttps://www.youtube.com/watch?v=SCzecagKBjY\tNA\t2537.0
ijdpvG24IkE\tBehaviors That Alter Your Genes to Improve Your Health & Performance | Dr. Melissa Ilardo\tNA\thttps://www.youtube.com/watch?v=ijdpvG24IkE\tNA\t6731.0
Pmd6knanPKw\tMaximize Productivity, Physical & Mental Health With Daily Tools | Huberman Lab Essentials\tNA\thttps://www.youtube.com/watch?v=Pmd6knanPKw\tNA\t1913.0
HTJ8lDtJOg4\tThe Science & Art of Comedy & Creativity | Tom Segura\tNA\thttps://www.youtube.com/watch?v=HTJ8lDtJOg4\tNA\t8239.0
RSnol_TVrzQ\tEssentials: Understanding & Healing the Mind | Dr. Karl Deisseroth\tNA\thttps://www.youtube.com/watch?v=RSnol_TVrzQ\tNA\t2315.0
9vQZT2igXN4\tHow Different Diets Impact Your Health | Dr. Christopher Gardner\tNA\thttps://www.youtube.com/watch?v=9vQZT2igXN4\tNA\t10229.0
fSBgDq2ttCw\tHow Hearing & Balance Enhance Focus & Learning | Huberman Lab Essentials\tNA\thttps://www.youtube.com/watch?v=fSBgDq2ttCw\tNA\t1991.0
zpkwefXtbfk\tContracts of Love & Money That Make or Break Relationships | James Sexton\tNA\thttps://www.youtube.com/watch?v=zpkwefXtbfk\tNA\t13090.0
_eDg9yOvvrQ\tHow Smell, Taste & Pheromones Shape Behavior | Huberman Lab Essentials\tNA\thttps://www.youtube.com/watch?v=_eDg9yOvvrQ\tNA\t2068.0
6ck9fa6_C8c\tWhat Pets Actually Want & Need | Dr. Karolina Westlund\tNA\thttps://www.youtube.com/watch?v=6ck9fa6_C8c\tNA\t7524.0
q-wRvsiGYIs\tAMA #19: Collagen vs. Whey Protein, Creatine, Smelling Salts, Stimulants & More\tNA\thttps://www.youtube.com/watch?v=q-wRvsiGYIs\tNA\t1097.0
ssmwxKPFMFU\tProtocols to Improve Vision & Eyesight | Huberman Lab Essentials\tNA\thttps://www.youtube.com/watch?v=ssmwxKPFMFU\tNA\t1770.0
J7yn4tJEmJU\tTools for Overcoming Substance & Behavioral Addictions | Ryan Soave\tNA\thttps://www.youtube.com/watch?v=J7yn4tJEmJU\tNA\t11253.0
7MEhDlw1e9k\tHow to Build Endurance | Huberman Lab Essentials\tNA\thttps://www.youtube.com/watch?v=7MEhDlw1e9k\tNA\t2247.0
UyneMnERmnI\tHow to Improve Your Vitality & Heal From Disease | Dr. Mark Hyman\tNA\thttps://www.youtube.com/watch?v=UyneMnERmnI\tNA\t9741.0
jgaoLdS82vw\tBuild Muscle Size, Increase Strength & Improve Recovery | Huberman Lab Essentials\tNA\thttps://www.youtube.com/watch?v=jgaoLdS82vw\tNA\t1669.0
lYK4UFf8mlc\tHow to Find & Be a Great Romantic Partner | Lori Gottlieb\tNA\thttps://www.youtube.com/watch?v=lYK4UFf8mlc\tNA\t12179.0
f4cdu-QiKHo\tLose Fat With Science-Based Tools | Huberman Lab Essentials\tNA\thttps://www.youtube.com/watch?v=f4cdu-QiKHo\tNA\t2016.0
hCyvqRq5YmM\tTransform Your Mental Health With Diet & Lifestyle | Dr. Chris Palmer\tNA\thttps://www.youtube.com/watch?v=hCyvqRq5YmM\tNA\t11523.0
VnEy78RL2YY\tHow to Learn Skills Faster | Huberman Lab Essentials\tNA\thttps://www.youtube.com/watch?v=VnEy78RL2YY\tNA\t1841.0
_oOEKKiwdDE\tHow to Improve Your Teeth & Oral Microbiome for Brain & Body Health | Dr. Staci Whitman\tNA\thttps://www.youtube.com/watch?v=_oOEKKiwdDE\tNA\t10487.0
5--yogtN6oM\tSupercharge Exercise Performance & Recovery with Cooling | Huberman Lab Essentials\tNA\thttps://www.youtube.com/watch?v=5--yogtN6oM\tNA\t1741.0
U3cSnzdyyXU\tHow to Increase Your Speed, Mobility & Longevity with Plyometrics & Sprinting | Stuart McMillan\tNA\thttps://www.youtube.com/watch?v=U3cSnzdyyXU\tNA\t10866.0
wFucddupQlk\tBoost Your Energy & Immune System with Cortisol & Adrenaline | Huberman Lab Essentials\tNA\thttps://www.youtube.com/watch?v=wFucddupQlk\tNA\t1847.0
NtQ-kdLlQiU\tImprove Focus with Behavioral Tools & Medication for ADHD | Dr. John Kruse\tNA\thttps://www.youtube.com/watch?v=NtQ-kdLlQiU\tNA\t9486.0
Nmo4bxfFzM0\tHow to Control Your Metabolism by Thyroid & Growth Hormone | Huberman Lab Essentials\tNA\thttps://www.youtube.com/watch?v=Nmo4bxfFzM0\tNA\t1886.0
KuuoLT-fq4s\tHow to Achieve Inner Peace & Healing | Dr. Richard Schwartz\tNA\thttps://www.youtube.com/watch?v=KuuoLT-fq4s\tNA\t7989.0
c9JmHOUp6VU\tHow to Control Hunger, Eating & Satiety | Huberman Lab Essentials\tNA\thttps://www.youtube.com/watch?v=c9JmHOUp6VU\tNA\t2093.0
N5DAW8mkJ6Y\tHow to Enhance Your Immune System | Dr. Roger Seheult\tNA\thttps://www.youtube.com/watch?v=N5DAW8mkJ6Y\tNA\t12493.0
v4HRWgwjP_k\tHow to Optimize Testosterone & Estrogen | Huberman Lab Essentials\tNA\thttps://www.youtube.com/watch?v=v4HRWgwjP_k\tNA\t1961.0
bAWUYuygS_U\tHow to Make Better Decisions | Dr. Michael Platt\tNA\thttps://www.youtube.com/watch?v=bAWUYuygS_U\tNA\t13732.0
FCFQx3cA0Lg\tHow Hormones Shape Sexual Development | Huberman Lab Essentials\tNA\thttps://www.youtube.com/watch?v=FCFQx3cA0Lg\tNA\t2363.0
Z3OpxT65fKw\tHow to Build Strength, Endurance & Flexibility at Any Age | Pavel Tsatsouline\tNA\thttps://www.youtube.com/watch?v=Z3OpxT65fKw\tNA\t15314.0
qdk7XuBgSjw\tThe Science of Emotions & Relationships | Huberman Lab Essentials\tNA\thttps://www.youtube.com/watch?v=qdk7XuBgSjw\tNA\t2266.0
QYAgf_lfio4\tUsing Your Mind to Control Your Physical Health & Longevity | Dr. Ellen Langer\tNA\thttps://www.youtube.com/watch?v=QYAgf_lfio4\tNA\t12140.0
OLQRAMZi--c\tHow to Increase Motivation & Drive | Huberman Lab Essentials\tNA\thttps://www.youtube.com/watch?v=OLQRAMZi--c\tNA\t2048.0
wAnDWfEIwoE\tThe Art of Learning & Living Life | Josh Waitzkin\tNA\thttps://www.youtube.com/watch?v=wAnDWfEIwoE\tNA\t11829.0
Q4qWzbP0q7I\tHow Foods & Nutrients Control Our Moods | Huberman Lab Essentials\tNA\thttps://www.youtube.com/watch?v=Q4qWzbP0q7I\tNA\t1954.0
3-ukCGQJk2c\tCharting the Architecture of the Universe & Human Life | Dr. Brian Keating\tNA\thttps://www.youtube.com/watch?v=3-ukCGQJk2c\tNA\t11258.0
qUz93CyNIz0\tTools for Managing Stress & Anxiety | Huberman Lab Essentials\tNA\thttps://www.youtube.com/watch?v=qUz93CyNIz0\tNA\t1949.0
qi4VwpEs3LE\tOvercoming Guilt & Building Tenacity in Kids & Adults | Dr. Becky Kennedy\tNA\thttps://www.youtube.com/watch?v=qi4VwpEs3LE\tNA\t13112.0
SjPJn4QP0dk\tControl Pain & Heal Faster With Your Brain | Huberman Lab Essentials\tNA\thttps://www.youtube.com/watch?v=SjPJn4QP0dk\tNA\t2197.0
J2oqi41dCNc\tHow to Use Exercise to Improve Your Brain’s Health, Longevity & Performance\tNA\thttps://www.youtube.com/watch?v=J2oqi41dCNc\tNA\t6572.0
D97TQuy946k\tOptimize Your Learning & Creativity With Science-Based Tools | Huberman Lab Essentials\tNA\thttps://www.youtube.com/watch?v=D97TQuy946k\tNA\t1847.0
K0hkhbGYaGQ\tHow to Best Guide Your Life Decisions & Path | Dr. Jordan Peterson\tNA\thttps://www.youtube.com/watch?v=K0hkhbGYaGQ\tNA\t13871.0
jwChiek_aRY\tHow to Learn Faster by Using Failures, Movement & Balance | Huberman Lab Essentials\tNA\thttps://www.youtube.com/watch?v=jwChiek_aRY\tNA\t2033.0
Phm-Alz1Zjo\tHow to Achieve True Happiness Using Science-Based Protocols | Dr. Laurie Santos\tNA\thttps://www.youtube.com/watch?v=Phm-Alz1Zjo\tNA\t11286.0
4AwyVTHEU3s\tHow to Focus to Change Your Brain | Huberman Lab Essentials\tNA\thttps://www.youtube.com/watch?v=4AwyVTHEU3s\tNA\t2025.0
tR73Ny4Dt9s\tHow to Use Curiosity & Focus to Create a Joyful & Meaningful Life | Dr. Bernardo Huberman\tNA\thttps://www.youtube.com/watch?v=tR73Ny4Dt9s\tNA\t11760.0
hF32FvBH4gI\tUnderstand and Use Dreams to Learn and Forget | Huberman Lab Essentials\tNA\thttps://www.youtube.com/watch?v=hF32FvBH4gI\tNA\t2098.0
8N7mdkrXgbc\tHow to Improve Your Mobility, Posture & Flexibility | Dr. Kelly Starrett\tNA\thttps://www.youtube.com/watch?v=8N7mdkrXgbc\tNA\t12370.0
In9Bq4EJMZw\tHow to Defeat Jet Lag, Shift Work & Sleeplessness | Huberman Lab Essentials\tNA\thttps://www.youtube.com/watch?v=In9Bq4EJMZw\tNA\t1604.0
z5W74QC3v2I\tUnderstand & Apply the Psychology of Money to Gain Greater Happiness | Morgan Housel\tNA\thttps://www.youtube.com/watch?v=z5W74QC3v2I\tNA\t8136.0
q-H_A_dQUxQ\tUsing Science to Optimize Sleep, Learning & Metabolism | Huberman Lab Essentials\tNA\thttps://www.youtube.com/watch?v=q-H_A_dQUxQ\tNA\t1968.0
Og56hmAspV8\tHow to Control Your Inner Voice & Increase Your Resilience | Dr. Ethan Kross\tNA\thttps://www.youtube.com/watch?v=Og56hmAspV8\tNA\t11342.0
lIo9FcrljDk\tEssentials: Master Your Sleep & Be More Alert When Awake\tNA\thttps://www.youtube.com/watch?v=lIo9FcrljDk\tNA\t2041.0
etbfLTHD_VU\tHow to Improve at Learning Using Neuroscience & AI | Dr. Terry Sejnowski\tNA\thttps://www.youtube.com/watch?v=etbfLTHD_VU\tNA\t9251.0
HiyzzcuaAac\tEssentials: How Your Brain Works & Changes\tNA\thttps://www.youtube.com/watch?v=HiyzzcuaAac\tNA\t2096.0
rZkMpVLcVsg\tHow Relationships Shape Your Brain | Dr. Allan Schore\tNA\thttps://www.youtube.com/watch?v=rZkMpVLcVsg\tNA\t7666.0
i5611OvTFGM\tHow to Safeguard Your Hormone Health & Fertility | Dr. Shanna Swan\tNA\thttps://www.youtube.com/watch?v=i5611OvTFGM\tNA\t8283.0
SuR0DaYoe0Y\tHow to Deal With High Conflict People | Bill Eddy\tNA\thttps://www.youtube.com/watch?v=SuR0DaYoe0Y\tNA\t9562.0
vfRtLI6cJrk\tThe Effects of Microplastics on Your Health & How to Reduce Them\tNA\thttps://www.youtube.com/watch?v=vfRtLI6cJrk\tNA\t5814.0
kgr22uMsJ5o\tCreate Your Ideal Future Using Science-Based Protocols | Ari Wallach\tNA\thttps://www.youtube.com/watch?v=kgr22uMsJ5o\tNA\t8257.0
wRsX_ZkzxvQ\tPeptide & Hormone Therapies for Health, Performance & Longevity | Dr. Craig Koniver\tNA\thttps://www.youtube.com/watch?v=wRsX_ZkzxvQ\tNA\t8954.0
jC8Pu9HBd48\tHow to Improve Memory & Focus Using Science Protocols | Dr. Charan Ranganath\tNA\thttps://www.youtube.com/watch?v=jC8Pu9HBd48\tNA\t9549.0
4RFEkGKKhdE\tHow to Heal From Post-Traumatic Stress Disorder (PTSD) | Dr. Victor Carrión\tNA\thttps://www.youtube.com/watch?v=4RFEkGKKhdE\tNA\t8819.0
ajneRM-ET1Q\tHow to Find, Build & Maintain Healthy Romantic Relationships | Esther Perel\tNA\thttps://www.youtube.com/watch?v=ajneRM-ET1Q\tNA\t7574.0
kG5Qb9sr0YQ\tHow to Increase Your Emotional Intelligence | Dr. Marc Brackett\tNA\thttps://www.youtube.com/watch?v=kG5Qb9sr0YQ\tNA\t9274.0
U2BPitASUh0\tHow to Cultivate a Positive, Growth-Oriented Mindset | Dr. Jamil Zaki\tNA\thttps://www.youtube.com/watch?v=U2BPitASUh0\tNA\t8202.0
ddq8JIMhz7c\tOptimal Protocols for Studying & Learning\tNA\thttps://www.youtube.com/watch?v=ddq8JIMhz7c\tNA\t6099.0
wgUjIRtote8\tHow to Improve & Protect Your Skin Health & Appearance | Dr. Teo Soleymani\tNA\thttps://www.youtube.com/watch?v=wgUjIRtote8\tNA\t9964.0
CD0bRU1e1ZM\tTools for Nutrition & Fitness | Dr. Layne Norton\tNA\thttps://www.youtube.com/watch?v=CD0bRU1e1ZM\tNA\t14670.0
nOgypsWKjm4\tAccess Your Best Self With Mind-Body Practices, Belief Testing & Imagination | Dr. Martha Beck\tNA\thttps://www.youtube.com/watch?v=nOgypsWKjm4\tNA\t9894.0
Gf-kC30SLtc\tAMA #18: Cold Therapy Advice, Skin Health Tips, Motivation, Learning Strategies & More\tNA\thttps://www.youtube.com/watch?v=Gf-kC30SLtc\tNA\t3404.0
79p1X_7rAMo\tSupplements for Longevity & Their Efficacy | Dr. Peter Attia\tNA\thttps://www.youtube.com/watch?v=79p1X_7rAMo\tNA\t9042.0
pZX8ikmWvEU\tFemale-Specific Exercise & Nutrition for Health, Performance & Longevity | Dr. Stacy Sims\tNA\thttps://www.youtube.com/watch?v=pZX8ikmWvEU\tNA\t8918.0
mAlt_HKX4as\tBuild a Strong, Pain-Proof Back | Dr. Stuart McGill\tNA\thttps://www.youtube.com/watch?v=mAlt_HKX4as\tNA\t10335.0
jouFvyRZntk\tHow Cannabis Impacts Health & the Potential Risks | Dr. Matthew Hill\tNA\thttps://www.youtube.com/watch?v=jouFvyRZntk\tNA\t13958.0
1CxJVdeyltw\tHow to Improve Skin Health & Appearance\tNA\thttps://www.youtube.com/watch?v=1CxJVdeyltw\tNA\t8875.0
WFcYF_pxLgA\tHow to Exercise & Eat for Optimal Health & Longevity | Dr. Gabrielle Lyon\tNA\thttps://www.youtube.com/watch?v=WFcYF_pxLgA\tNA\t11017.0
C5KpIXjpzdY\tThe Science of Hunger & Medications to Combat Obesity | Dr. Zachary Knight\tNA\thttps://www.youtube.com/watch?v=C5KpIXjpzdY\tNA\t8337.0
csubiPlvFWk\tHow Smartphones & Social Media Impact Mental Health & the Realistic Solutions | Dr. Jonathan Haidt\tNA\thttps://www.youtube.com/watch?v=csubiPlvFWk\tNA\t8816.0
-e9ErUozQo4\tLIVE EVENT Q&A: Dr. Andrew Huberman at the Brisbane Convention & Exhibition Centre\tNA\thttps://www.youtube.com/watch?v=-e9ErUozQo4\tNA\t3189.0
6P8hrzjnetU\tHow to Navigate Menopause & Perimenopause for Maximum Health & Vitality | Dr. Mary Claire Haver\tNA\thttps://www.youtube.com/watch?v=6P8hrzjnetU\tNA\t8299.0
SZSRgyl7pyQ\tThe Science of Your Gut Sense & the Gut-Brain Axis | Dr. Diego Bohórquez\tNA\thttps://www.youtube.com/watch?v=SZSRgyl7pyQ\tNA\t9733.0
nqNEtdHVUjM\tHow to Improve Brain Health & Offset Neurodegeneration | Dr. Gary Steinberg\tNA\thttps://www.youtube.com/watch?v=nqNEtdHVUjM\tNA\t6904.0
yOoVz9E9kfQ\tLIVE EVENT Q&A: Dr. Andrew Huberman at the ICC Sydney Theatre\tNA\thttps://www.youtube.com/watch?v=yOoVz9E9kfQ\tNA\t3079.0
SyWC8ZFVxGo\tHow to Find Your True Purpose & Create Your Best Life | Dr. James Hollis\tNA\thttps://www.youtube.com/watch?v=SyWC8ZFVxGo\tNA\t9588.0
Jy4rJcYmtUM\tDr. Matt Walker: The Science of Dreams, Nightmares & Lucid Dreaming | Huberman Lab Guest Series\tNA\thttps://www.youtube.com/watch?v=Jy4rJcYmtUM\tNA\t9186.0
8qaBpM73NSk\tTransform Your Health by Improving Metabolism, Hormone & Blood Sugar Regulation | Dr. Casey Means\tNA\thttps://www.youtube.com/watch?v=8qaBpM73NSk\tNA\t10587.0
S_SrHS8FvMM\tDr. Matt Walker: Improve Sleep to Boost Mood & Emotional Regulation | Huberman Lab Guest Series\tNA\thttps://www.youtube.com/watch?v=S_SrHS8FvMM\tNA\t8114.0
jGZ1mR9uLU0\tAMA #17: Making Time for Fitness, Top Sleep Tools & Best Learning Strategies\tNA\thttps://www.youtube.com/watch?v=jGZ1mR9uLU0\tNA\t1530.0
PVmQOLYckKQ\tProtocols to Strengthen & Pain Proof Your Back\tNA\thttps://www.youtube.com/watch?v=PVmQOLYckKQ\tNA\t7684.0
F9KrZd_-ge0\tDr. Matt Walker: Using Sleep to Improve Learning, Creativity & Memory | Huberman Lab Guest Series\tNA\thttps://www.youtube.com/watch?v=F9KrZd_-ge0\tNA\t8908.0
zlc4VrDx_qk\tVaping, Alcohol Use & Other Risky Youth Behaviors | Dr. Bonnie Halpern-Felsher\tNA\thttps://www.youtube.com/watch?v=zlc4VrDx_qk\tNA\t9085.0
GA89kjVY6Ik\tLIVE EVENT Q&A: Dr. Andrew Huberman at the Sydney Opera House\tNA\thttps://www.youtube.com/watch?v=GA89kjVY6Ik\tNA\t3174.0
4F_RBc1akC8\tDr. Matt Walker: How to Structure Your Sleep, Use Naps & Time Caffeine | Huberman Lab Guest Series\tNA\thttps://www.youtube.com/watch?v=4F_RBc1akC8\tNA\t8339.0
etEJrznE-c0\tHow to Master Growth Mindset to Improve Performance | Dr. David Yeager\tNA\thttps://www.youtube.com/watch?v=etEJrznE-c0\tNA\t8770.0
hvPGfcAgk9Y\tDr. Matt Walker: Protocols to Improve Your Sleep | Huberman Lab Guest Series\tNA\thttps://www.youtube.com/watch?v=hvPGfcAgk9Y\tNA\t9775.0
acgz0C-z-gc\tOvercoming Physical & Emotional Challenges | Coleman Ruiz\tNA\thttps://www.youtube.com/watch?v=acgz0C-z-gc\tNA\t11883.0
-OBCwiPPfEU\tDr. Matt Walker: The Biology of Sleep & Your Unique Sleep Needs | Huberman Lab Guest Series\tNA\thttps://www.youtube.com/watch?v=-OBCwiPPfEU\tNA\t10774.0
zU5EYw06wtw\tBenefits & Risks of Peptide Therapeutics for Physical & Mental Health\tNA\thttps://www.youtube.com/watch?v=zU5EYw06wtw\tNA\t5202.0
kpTJqwIfHcM\tWhat Magic & Mind Reading Reveal About the Brain | Asi Wind\tNA\thttps://www.youtube.com/watch?v=kpTJqwIfHcM\tNA\t10298.0
ttNxNbqNQK4\tLIVE EVENT Q&A: Dr. Andrew Huberman Question & Answer in Melbourne, AU\tNA\thttps://www.youtube.com/watch?v=ttNxNbqNQK4\tNA\t3506.0
oL3SkPV1_Ik\tHow the Brain Works, Curing Blindness & How to Navigate a Career Path | Dr. E.J. Chichilnisky\tNA\thttps://www.youtube.com/watch?v=oL3SkPV1_Ik\tNA\t7206.0
p4ZfkezDTXQ\tHow to Enhance Focus and Improve Productivity | Dr. Cal Newport\tNA\thttps://www.youtube.com/watch?v=p4ZfkezDTXQ\tNA\t10619.0
gdUNjPijwA8\tHow Placebo Effects Work to Change Our Biology & Psychology\tNA\thttps://www.youtube.com/watch?v=gdUNjPijwA8\tNA\t4696.0
gE0_8AjTFaM\tAMA #16: Sleep, Vertigo, TBI, OCD, Tips for Travelers, Gut-Brain Axis & More\tNA\thttps://www.youtube.com/watch?v=gE0_8AjTFaM\tNA\t3409.0
XT_6Lvkhxvo\tProtocols for Excellent Parenting & Improving Relationships of All Kinds | Dr. Becky Kennedy\tNA\thttps://www.youtube.com/watch?v=XT_6Lvkhxvo\tNA\t10442.0
HYVeP4F0GNU\tHow to Optimize Cognitive Function & Brain Health | Dr. Mark D'Esposito\tNA\thttps://www.youtube.com/watch?v=HYVeP4F0GNU\tNA\t9158.0
zVCaYyUWWSw\tHow to Improve Oral Health & Its Critical Role in Brain & Body Health\tNA\thttps://www.youtube.com/watch?v=zVCaYyUWWSw\tNA\t7227.0
V0Sdgn0_kFM\tThe Biology of Social Interactions & Emotions | Dr. Kay Tye\tNA\thttps://www.youtube.com/watch?v=V0Sdgn0_kFM\tNA\t9066.0
j2sMqSDLd4k\tAMA #15: Fluoride Benefits/Risks & Vagus Nerve Stimulation\tNA\thttps://www.youtube.com/watch?v=j2sMqSDLd4k\tNA\t1743.0
CQlTmOFM4Qs\tTools to Enhance Working Memory & Attention\tNA\thttps://www.youtube.com/watch?v=CQlTmOFM4Qs\tNA\t5472.0
TG8VM5-CTfw\tJournal Club with Dr. Peter Attia | Effects of Light & Dark on Mental Health & Treatments for Cancer\tNA\thttps://www.youtube.com/watch?v=TG8VM5-CTfw\tNA\t11312.0
K9lORz2_XSU\tTools to Reduce & Manage Pain | Dr. Sean Mackey\tNA\thttps://www.youtube.com/watch?v=K9lORz2_XSU\tNA\t10602.0
AtChcxeaukQ\tHow to Prevent & Treat Colds & Flu\tNA\thttps://www.youtube.com/watch?v=AtChcxeaukQ\tNA\t7549.0
nDLb8_wgX50\tHow to Build Immense Inner Strength | David Goggins\tNA\thttps://www.youtube.com/watch?v=nDLb8_wgX50\tNA\t9455.0
zbpb1wd-wvs\tAMA #14: 2023 Philanthropy, Evening Routine, Light Therapy, Health Metrics & More\tNA\thttps://www.youtube.com/watch?v=zbpb1wd-wvs\tNA\t3911.0
GpgqXCkRO-w\tProtocols to Access Creative Energy and Process | Rick Rubin\tNA\thttps://www.youtube.com/watch?v=GpgqXCkRO-w\tNA\t8889.0
n28W4AmvMDE\tHow Sugar & Processed Foods Impact Your Health | Dr. Robert Lustig\tNA\thttps://www.youtube.com/watch?v=n28W4AmvMDE\tNA\t12561.0
LRM5LutB538\tLIVE EVENT Q&A: Dr. Andrew Huberman Question & Answer in Chicago, IL\tNA\thttps://www.youtube.com/watch?v=LRM5LutB538\tNA\t3284.0
ccrbE0QHy94\tThe Causes & Treatments for Autism | Dr. Karen Parker\tNA\thttps://www.youtube.com/watch?v=ccrbE0QHy94\tNA\t10588.0
50BZQRT1dAg\tA Process for Finding & Achieving Your Unique Purpose | Robert Greene\tNA\thttps://www.youtube.com/watch?v=50BZQRT1dAg\tNA\t11478.0
xTtM2AvCRyA\tAMA #13: Winter Months & Sickness, Wim Hof Breathing & Stressors\tNA\thttps://www.youtube.com/watch?v=xTtM2AvCRyA\tNA\t1458.0
3gtvNYa3Nd8\tHow to Unlock Your Potential, Motivation & Unique Abilities | Dr. Adam Grant\tNA\thttps://www.youtube.com/watch?v=3gtvNYa3Nd8\tNA\t11542.0
wAZn9dF3XTo\tA Science-Supported Journaling Protocol to Improve Mental & Physical Health\tNA\thttps://www.youtube.com/watch?v=wAZn9dF3XTo\tNA\t5902.0
eC9fiJBdMG0\tLIVE EVENT Q&A: Dr. Andrew Huberman Question & Answer in Toronto, ON\tNA\thttps://www.youtube.com/watch?v=eC9fiJBdMG0\tNA\t2348.0
EhlIkzJwPlk\tFemale Hormone Health, Fertility & Vitality | Dr. Natalie Crawford\tNA\thttps://www.youtube.com/watch?v=EhlIkzJwPlk\tNA\t12454.0
pkJi9Raxikg\tImproving Male Sexual Health, Function & Fertility | Dr. Michael Eisenberg\tNA\thttps://www.youtube.com/watch?v=pkJi9Raxikg\tNA\t9434.0
qJ3uV7coZbA\tAMA #12: Thoughts on Longevity Supplements (Resveratrol, NR, NMN, Etc.) & How to Improve Memory\tNA\thttps://www.youtube.com/watch?v=qJ3uV7coZbA\tNA\t1748.0
CJIXbibQ0jI\tMental Health Toolkit: Tools to Bolster Your Mood & Mental Health\tNA\thttps://www.youtube.com/watch?v=CJIXbibQ0jI\tNA\t7452.0
1Wo6SqLNmLk\tCuring All Human Diseases & the Future of Health & Technology | Mark Zuckerberg & Dr. Priscilla Chan\tNA\thttps://www.youtube.com/watch?v=1Wo6SqLNmLk\tNA\t8132.0
FeRgqJVALMQ\tHow to Understand Emotions | Dr. Lisa Feldman Barrett\tNA\thttps://www.youtube.com/watch?v=FeRgqJVALMQ\tNA\t9544.0
cwakOgHIT0E\tHow to Increase Your Willpower & Tenacity | Huberman Lab Podcast\tNA\thttps://www.youtube.com/watch?v=cwakOgHIT0E\tNA\t7679.0
q8CHXefn7B4\tHow to Succeed at Hard Conversations | Chris Voss\tNA\thttps://www.youtube.com/watch?v=q8CHXefn7B4\tNA\t10409.0
7Ey_vTTgJGc\tAMA #11: Improve Task Switching & Productivity and Reduce Brain Fog\tNA\thttps://www.youtube.com/watch?v=7Ey_vTTgJGc\tNA\t2077.0
yOJvm_ri_hk\tDr. Paul Conti: Tools and Protocols for Mental Health | Huberman Lab Guest Series\tNA\thttps://www.youtube.com/watch?v=yOJvm_ri_hk\tNA\t9673.0
qNzl12g0Dd8\tEfforts & Challenges in Promoting Public Health | Dr. Vivek Murthy\tNA\thttps://www.youtube.com/watch?v=qNzl12g0Dd8\tNA\t9229.0
eMqWH3LYiII\tDr. Paul Conti: How to Build and Maintain Healthy Relationships | Huberman Lab Guest Series\tNA\thttps://www.youtube.com/watch?v=eMqWH3LYiII\tNA\t11078.0
gveDhZW-rUk\tHow to Use Music to Boost Motivation, Mood & Improve Learning | Huberman Lab Podcast\tNA\thttps://www.youtube.com/watch?v=gveDhZW-rUk\tNA\t6266.0
qPKd99Pa2iU\tDr. Paul Conti: How to Improve Your Mental Health | Huberman Lab Guest Series\tNA\thttps://www.youtube.com/watch?v=qPKd99Pa2iU\tNA\t11718.0
z8c6EyMNd0A\tJournal Club with Dr. Peter Attia | Metformin for Longevity & The Power of Belief Effects\tNA\thttps://www.youtube.com/watch?v=z8c6EyMNd0A\tNA\t8479.0
tLRCS48Ens4\tDr. Paul Conti: How to Understand & Assess Your Mental Health | Huberman Lab Guest Series\tNA\thttps://www.youtube.com/watch?v=tLRCS48Ens4\tNA\t13370.0
yixIc1Ai6jM\tHow Risk Taking, Innovation & Artificial Intelligence Transform Human Experience | Marc Andreessen\tNA\thttps://www.youtube.com/watch?v=yixIc1Ai6jM\tNA\t10622.0
eJU6Df_ffAE\tAMA #10: Benefits of Nature & “Grounding," Hearing Loss Research & Avoiding Altitude Sickness\tNA\thttps://www.youtube.com/watch?v=eJU6Df_ffAE\tNA\t1294.0
29n0WG317tM\tLife, Death & the Neuroscience of Your Unique Experience | Dr. David Linden\tNA\thttps://www.youtube.com/watch?v=29n0WG317tM\tNA\t9407.0
F54qXuTpgfM\tImproving Sexual & Urological Health in Males and Females | Dr. Rena Malik\tNA\thttps://www.youtube.com/watch?v=F54qXuTpgfM\tNA\t10470.0
Rxmv7rT9leo\tKetamine: Benefits and Risks for Depression, PTSD & Neuroplasticity | Huberman Lab Podcast\tNA\thttps://www.youtube.com/watch?v=Rxmv7rT9leo\tNA\t6161.0
VOfwbcveP84\tHarnessing Passion, Drive & Persistence for Lifelong Success | Tony Hawk\tNA\thttps://www.youtube.com/watch?v=VOfwbcveP84\tNA\t8119.0
HoH93judXmE\tAMA #9: Kratom Risks, Does Infrared Sauna Work & Journaling Benefits\tNA\thttps://www.youtube.com/watch?v=HoH93judXmE\tNA\t1592.0
X8Hw8zeCDTA\tHow to Shape Your Identity & Goals | Dr. Maya Shankar\tNA\thttps://www.youtube.com/watch?v=X8Hw8zeCDTA\tNA\t9236.0
aQDOU3hPci0\tHow to Enhance Performance & Learning by Applying a Growth Mindset\tNA\thttps://www.youtube.com/watch?v=aQDOU3hPci0\tNA\t6084.0
RI112zW8GDw\tHow Your Brain’s Reward Circuits Drive Your Choices | Dr. Robert Malenka\tNA\thttps://www.youtube.com/watch?v=RI112zW8GDw\tNA\t10203.0
LYYyQcAJZfk\tScience-Supported Tools to Accelerate Your Fitness Goals\tNA\thttps://www.youtube.com/watch?v=LYYyQcAJZfk\tNA\t5740.0
_ltcLEM-5HU\tHow to Improve Your Eye Health & Offset Vision Loss | Dr. Jeffrey Goldberg\tNA\thttps://www.youtube.com/watch?v=_ltcLEM-5HU\tNA\t11325.0
FE0lTEUa7EY\tAMA #8: Balancing Caffeine, Decision Fatigue & Social Isolation\tNA\thttps://www.youtube.com/watch?v=FE0lTEUa7EY\tNA\t1521.0
doupx8SAs5Y\tHow to Learn Better & Create Your Best Future | Tim Ferriss\tNA\thttps://www.youtube.com/watch?v=doupx8SAs5Y\tNA\t13149.0
slUCmZJDXrk\tThe Science of MDMA & Its Therapeutic Uses: Benefits & Risks | Huberman Lab Podcast\tNA\thttps://www.youtube.com/watch?v=slUCmZJDXrk\tNA\t8255.0
S8jWFcDGz4Y\tHow Emotions & Social Factors Impact Learning | Dr. Mary Helen Immordino-Yang\tNA\thttps://www.youtube.com/watch?v=S8jWFcDGz4Y\tNA\t9682.0
dicP_kA-RA0\tAMA #7: Cold Exposure, Maximizing REM Sleep & My Next Scientific Studies\tNA\thttps://www.youtube.com/watch?v=dicP_kA-RA0\tNA\t1341.0
sxgCC4H1dl8\tAdderall, Stimulants & Modafinil for ADHD: Short- & Long-Term Effects | Huberman Lab Podcast\tNA\thttps://www.youtube.com/watch?v=sxgCC4H1dl8\tNA\t7332.0
fcxjwA4C4Cw\tThe Science of Psychedelics for Mental Health | Dr. Robin Carhart-Harris\tNA\thttps://www.youtube.com/watch?v=fcxjwA4C4Cw\tNA\t9429.0
x3MgDtZovks\tHow to Use Cold & Heat Exposure to Improve Your Health | Dr. Susanna Søberg\tNA\thttps://www.youtube.com/watch?v=x3MgDtZovks\tNA\t9035.0
eIxVfln02Ss\tHow Psilocybin Can Rewire Our Brain, Its Therapeutic Benefits & Its Risks | Huberman Lab Podcast\tNA\thttps://www.youtube.com/watch?v=eIxVfln02Ss\tNA\t7742.0
cS7cNaBrkxo\tHow Smells Influence Our Hormones, Health & Behavior | Dr. Noam Sobel\tNA\thttps://www.youtube.com/watch?v=cS7cNaBrkxo\tNA\t11596.0
uWV9a3zEaL4\tAMA #6: Eye Health, Why We Yawn & Increasing Motivation\tNA\thttps://www.youtube.com/watch?v=uWV9a3zEaL4\tNA\t2174.0
0RYyQRQFgFk\tScience-Based Mental Training & Visualization for Improved Learning | Huberman Lab Podcast\tNA\thttps://www.youtube.com/watch?v=0RYyQRQFgFk\tNA\t7187.0
3ZGItIAUQmI\tNeuralink & Technologies to Enhance Human Brains | Dr. Matthew MacDougall\tNA\thttps://www.youtube.com/watch?v=3ZGItIAUQmI\tNA\t7301.0
6ZrlsVx85ek\tThe Science of Healthy Hair, Hair Loss and How to Regrow Hair | Huberman Lab Podcast\tNA\thttps://www.youtube.com/watch?v=6ZrlsVx85ek\tNA\t7488.0
ulHrUVV3Kq4\tControl Stress for Healthy Eating, Metabolism & Aging | Dr. Elissa Epel\tNA\thttps://www.youtube.com/watch?v=ulHrUVV3Kq4\tNA\t7551.0
K-TW2Chpz4k\tLeverage Dopamine to Overcome Procrastination & Optimize Effort | Huberman Lab Podcast\tNA\thttps://www.youtube.com/watch?v=K-TW2Chpz4k\tNA\t7129.0
cp9GXl9Qk_s\tAMA #5: Intrusive Thoughts, CGMs, Behavioral Change, Naps & NSDR\tNA\thttps://www.youtube.com/watch?v=cp9GXl9Qk_s\tNA\t1407.0
ufsIA5NARIo\tImprove Vitality, Emotional & Physical Health & Lifespan | Dr. Peter Attia\tNA\thttps://www.youtube.com/watch?v=ufsIA5NARIo\tNA\t12596.0
7R3-3HR6-u4\tIntermittent Fasting to Improve Health, Cognition & Longevity | Dr. Satchin Panda\tNA\thttps://www.youtube.com/watch?v=7R3-3HR6-u4\tNA\t10147.0
at37Y8rKDlA\tHow to Optimize Your Water Quality & Intake for Health\tNA\thttps://www.youtube.com/watch?v=at37Y8rKDlA\tNA\t8543.0
CDUetQMKM6g\tGenes & the Inheritance of Memories Across Generations | Dr. Oded Rechavi\tNA\thttps://www.youtube.com/watch?v=CDUetQMKM6g\tNA\t9121.0
S8nPJU9xkNw\tAMA #4: Maintain Motivation, Improve REM Sleep, Set Goals, Manage Anxiety & More\tNA\thttps://www.youtube.com/watch?v=S8nPJU9xkNw\tNA\t1394.0
q37ARYnRDGc\tDr. Andy Galpin: Optimal Nutrition & Supplementation for Fitness | Huberman Lab Guest Series\tNA\thttps://www.youtube.com/watch?v=q37ARYnRDGc\tNA\t11134.0
x4m_PdFbu-s\tHow to Breathe Correctly for Optimal Health, Mood, Learning & Performance | Huberman Lab Podcast\tNA\thttps://www.youtube.com/watch?v=x4m_PdFbu-s\tNA\t8330.0
juD99_sPWGU\tDr. Andy Galpin: Maximize Recovery to Achieve Fitness & Performance Goals | Huberman Lab\tNA\thttps://www.youtube.com/watch?v=juD99_sPWGU\tNA\t11106.0
BMTt8gSl13s\tUse Sleep to Enhance Learning, Memory & Emotional State | Dr. Gina Poe\tNA\thttps://www.youtube.com/watch?v=BMTt8gSl13s\tNA\t7541.0
UIy-WQCZd4M\tDr. Andy Galpin: Optimize Your Training Program for Fitness & Longevity | Huberman Lab Guest Series\tNA\thttps://www.youtube.com/watch?v=UIy-WQCZd4M\tNA\t11168.0
CGjdgy0cwGk\tHow to Stop Headaches Using Science-Based Approaches | Huberman Lab Podcast\tNA\thttps://www.youtube.com/watch?v=CGjdgy0cwGk\tNA\t8804.0
oNkDA2F7CjM\tDr. Andy Galpin: How to Build Physical Endurance & Lose Fat | Huberman Lab Guest Series\tNA\thttps://www.youtube.com/watch?v=oNkDA2F7CjM\tNA\t13733.0
GVRDGQhoEYQ\tHow to Optimize Female Hormone Health for Vitality & Longevity | Dr. Sara Gottfried\tNA\thttps://www.youtube.com/watch?v=GVRDGQhoEYQ\tNA\t9305.0
CyDLbrZK75U\tDr. Andy Galpin: Optimal Protocols to Build Strength & Grow Muscles | Huberman Lab Guest Series\tNA\thttps://www.youtube.com/watch?v=CyDLbrZK75U\tNA\t16764.0
O1YRwWmue4Y\tHow to Optimize Fertility in Males & Females\tNA\thttps://www.youtube.com/watch?v=O1YRwWmue4Y\tNA\t15735.0
zEYE-vcVKy8\tDr. Andy Galpin: How to Assess & Improve All Aspects of Your Fitness | Huberman Lab Guest Series\tNA\thttps://www.youtube.com/watch?v=zEYE-vcVKy8\tNA\t7278.0
ycOBZZeVeAc\tHow to Access Your Creativity | Rick Rubin\tNA\thttps://www.youtube.com/watch?v=ycOBZZeVeAc\tNA\t10839.0
uak_dXHh6s4\tAMA #3: Adaptogens, Fasting & Fertility, Bluetooth/EMF Risks, Cognitive Load Limits & More\tNA\thttps://www.youtube.com/watch?v=uak_dXHh6s4\tNA\t1922.0
tLS6t3FVOTI\tDeveloping a Rational Approach to Supplementation for Health & Performance | Huberman Lab Podcast\tNA\thttps://www.youtube.com/watch?v=tLS6t3FVOTI\tNA\t7247.0
-wIt_WsJGfw\tUsing Meditation to Focus, View Consciousness & Expand Your Mind | Dr. Sam Harris\tNA\thttps://www.youtube.com/watch?v=-wIt_WsJGfw\tNA\t15716.0
__RAXBLt1iM\tHow to Become Resilient, Forge Your Identity & Lead Others | Jocko Willink\tNA\thttps://www.youtube.com/watch?v=__RAXBLt1iM\tNA\t14667.0
KPlJcD-o-4Q\tThe Science of Creativity & How to Enhance Creative Innovation | Huberman Lab Podcast 103\tNA\thttps://www.youtube.com/watch?v=KPlJcD-o-4Q\tNA\t8218.0
uwWOc_RqTBA\tLIVE EVENT Q&A: Dr. Andrew Huberman Question & Answer in New York, NY\tNA\thttps://www.youtube.com/watch?v=uwWOc_RqTBA\tNA\t2837.0
O640yAgq5f8\tTools for Hormone Optimization in Males | Dr. Kyle Gillett\tNA\thttps://www.youtube.com/watch?v=O640yAgq5f8\tNA\t8658.0
vZ4kOr38JhY\tAMA #2: Improve Sleep, Reduce Sugar Cravings, Optimal Protein Intake, Stretching Frequency & More\tNA\thttps://www.youtube.com/watch?v=vZ4kOr38JhY\tNA\t1831.0
iw97uvIge7c\tUsing Caffeine to Optimize Mental & Physical Performance | Huberman Lab Podcast 101\tNA\thttps://www.youtube.com/watch?v=iw97uvIge7c\tNA\t8556.0
6I5I56uVvLw\tNavigating Conflict, Finding Purpose & Maintaining Drive | Dr Lex Fridman\tNA\thttps://www.youtube.com/watch?v=6I5I56uVvLw\tNA\t9706.0
xjEFo3a1AnI\tDiet & Nutrition for Mental Health | Dr. Chris Palmer\tNA\thttps://www.youtube.com/watch?v=xjEFo3a1AnI\tNA\t11022.0
LTGGyQS1fZE\tScience-Based Tools for Increasing Happiness | Huberman Lab Podcast #98\tNA\thttps://www.youtube.com/watch?v=LTGGyQS1fZE\tNA\t8624.0
TO0WUTq5zYI\tLIVE EVENT Q&A: Dr. Andrew Huberman Question & Answer in Los Angeles, CA\tNA\thttps://www.youtube.com/watch?v=TO0WUTq5zYI\tNA\t3818.0
K4Ze-Sp6aUE\tThe Science of Eating for Health, Fat Loss & Lean Muscle | Dr. Layne Norton\tNA\thttps://www.youtube.com/watch?v=K4Ze-Sp6aUE\tNA\t13775.0
lsODSDmY4CY\tAMA #1: Leveraging Ultradian Cycles, How to Protect Your Brain, Seed Oils Examined and More\tNA\thttps://www.youtube.com/watch?v=lsODSDmY4CY\tNA\t1497.0
wTBSGgbIvsY\tHow Meditation Works & Science-Based Effective Meditations | Huberman Lab Podcast #96\tNA\thttps://www.youtube.com/watch?v=wTBSGgbIvsY\tNA\t8762.0
Z7MU6zrAXsM\tThe Science of Learning & Speaking Languages | Dr. Eddie Chang\tNA\thttps://www.youtube.com/watch?v=Z7MU6zrAXsM\tNA\t9264.0
q1Ss8sTbFBY\tFitness Toolkit: Protocol & Tools to Optimize Physical Health | Huberman Lab Podcast #94\tNA\thttps://www.youtube.com/watch?v=q1Ss8sTbFBY\tNA\t7070.0
X4QE6t-MkYE\tPsychedelics & Neurostimulation for Brain Rewiring | Dr. Nolan Williams\tNA\thttps://www.youtube.com/watch?v=X4QE6t-MkYE\tNA\t10135.0
gXvuJu1kt48\tThe Effects of Cannabis (Marijuana) on the Brain & Body | Huberman Lab Podcast #92\tNA\thttps://www.youtube.com/watch?v=gXvuJu1kt48\tNA\t10058.0
Nr5xb-QCBGA\tBiology & Treatments for Compulsive Eating & Behaviors | Dr. Casey Halpern\tNA\thttps://www.youtube.com/watch?v=Nr5xb-QCBGA\tNA\t8075.0
uXs-zPc63kM\tNicotine’s Effects on the Brain & Body & How to Quit Smoking or Vaping | Huberman Lab Podcast #90\tNA\thttps://www.youtube.com/watch?v=uXs-zPc63kM\tNA\t6817.0
uxZFl4BDOGk\tThe Biology of Aggression, Mating, & Arousal | Dr. David Anderson\tNA\thttps://www.youtube.com/watch?v=uxZFl4BDOGk\tNA\t6935.0
yb5zpo5WDG4\tFocus Toolkit: Tools to Improve Your Focus & Concentration | Huberman Lab Podcast #88\tNA\thttps://www.youtube.com/watch?v=yb5zpo5WDG4\tNA\t6691.0
3_auLYOilb8\tLIVE EVENT Q&A: Dr. Andrew Huberman Question & Answer in Portland, OR\tNA\thttps://www.youtube.com/watch?v=3_auLYOilb8\tNA\t3091.0
LVxL_p_kToc\tThe Neuroscience of Speech, Language & Music | Dr. Erich Jarvis\tNA\thttps://www.youtube.com/watch?v=LVxL_p_kToc\tNA\t6860.0
DkS1pkKpILY\tWhat Alcohol Does to Your Body, Brain & Health\tNA\thttps://www.youtube.com/watch?v=DkS1pkKpILY\tNA\t7262.0
2Ds1m5gflCI\tLIVE EVENT Q&A: Dr. Andrew Huberman Question & Answer in Seattle, WA\tNA\thttps://www.youtube.com/watch?v=2Ds1m5gflCI\tNA\t3365.0
DTCmprPCDqc\tExercise, Nutrition, Hormones for Vitality & Longevity | Dr. Peter Attia\tNA\thttps://www.youtube.com/watch?v=DTCmprPCDqc\tNA\t10203.0
h2aWYjSA1Jc\tSleep Toolkit: Tools for Optimizing Sleep & Sleep-Wake Timing | Huberman Lab Podcast #84\tNA\thttps://www.youtube.com/watch?v=h2aWYjSA1Jc\tNA\t6115.0
7YGZZcXqKxE\tTools for Setting & Achieving Goals | Dr. Emily Balcetis\tNA\thttps://www.youtube.com/watch?v=7YGZZcXqKxE\tNA\t5898.0
m_OazsImOiI\tThe Science & Treatment of Bipolar Disorder | Huberman Lab Podcast #82\tNA\thttps://www.youtube.com/watch?v=m_OazsImOiI\tNA\t8381.0
UChhXiFPRgg\tThe Biology of Taste Perception & Sugar Craving | Dr. Charles Zuker\tNA\thttps://www.youtube.com/watch?v=UChhXiFPRgg\tNA\t8258.0
T65RDBiB5Hs\tOptimize & Control Your Brain Chemistry to Improve Health & Performance | Huberman Lab Podcast #80\tNA\thttps://www.youtube.com/watch?v=T65RDBiB5Hs\tNA\t7741.0
UNCwdFxPtE8\tOptimize Your Exercise Program with Science-Based Tools | Jeff Cavaliere\tNA\thttps://www.youtube.com/watch?v=UNCwdFxPtE8\tNA\t9647.0
OadokY8fcAA\tThe Science & Treatment of Obsessive Compulsive Disorder (OCD) | Huberman Lab Podcast #78\tNA\thttps://www.youtube.com/watch?v=OadokY8fcAA\tNA\t9216.0
a9yFKPmPZ90\tThe Science & Practice of Movement | Ido Portal\tNA\thttps://www.youtube.com/watch?v=a9yFKPmPZ90\tNA\t9277.0
tkH2-_jMCSk\tImprove Flexibility with Research-Supported Stretching Protocols\tNA\thttps://www.youtube.com/watch?v=tkH2-_jMCSk\tNA\t7569.0
IOl28gj_RXw\tTherapy, Treating Trauma & Other Life Challenges | Dr. Paul Conti\tNA\thttps://www.youtube.com/watch?v=IOl28gj_RXw\tNA\t8669.0
dzOvi0Aa2EA\tThe Science & Process of Healing From Grief\tNA\thttps://www.youtube.com/watch?v=dzOvi0Aa2EA\tNA\t7608.0
099hgtRoUZw\tBoost Attention & Memory with Science-Based Tools | Dr. Wendy Suzuki\tNA\thttps://www.youtube.com/watch?v=099hgtRoUZw\tNA\t6399.0
szqPAPKE5tQ\tUnderstand & Improve Memory Using Science-Based Tools | Huberman Lab Podcast #72\tNA\thttps://www.youtube.com/watch?v=szqPAPKE5tQ\tNA\t7757.0
RBK5KLA5Jjg\tUnderstanding & Controlling Aggression | Huberman Lab Podcast #71\tNA\thttps://www.youtube.com/watch?v=RBK5KLA5Jjg\tNA\t5453.0
XcvhERcZpWw\tMicronutrients for Health & Longevity | Dr. Rhonda Patrick\tNA\thttps://www.youtube.com/watch?v=XcvhERcZpWw\tNA\t10173.0
EQ3GjpGq5Y8\tThe Science & Health Benefits of Deliberate Heat Exposure | Huberman Lab Podcast #69\tNA\thttps://www.youtube.com/watch?v=EQ3GjpGq5Y8\tNA\t6791.0
UF0nqolsNZc\tUsing Light (Sunlight, Blue Light & Red Light) to Optimize Health | Huberman Lab Podcast #68\tNA\thttps://www.youtube.com/watch?v=UF0nqolsNZc\tNA\t8623.0
ncSoor2Iw8k\tHow to Optimize Your Hormones for Health & Vitality | Dr. Kyle Gillett\tNA\thttps://www.youtube.com/watch?v=ncSoor2Iw8k\tNA\t10762.0
pq6WHJzOkno\tUsing Deliberate Cold Exposure for Health and Performance | Huberman Lab Podcast #66\tNA\thttps://www.youtube.com/watch?v=pq6WHJzOkno\tNA\t8109.0
IAnhFUUCq6c\tDr. Andy Galpin: How to Build Strength, Muscle Size & Endurance\tNA\thttps://www.youtube.com/watch?v=IAnhFUUCq6c\tNA\t12688.0
VAEzZeaV5zM\tControlling Sugar Cravings & Metabolism with Science-Based Tools | Huberman Lab Podcast #64\tNA\thttps://www.youtube.com/watch?v=VAEzZeaV5zM\tNA\t7136.0
azb3Ih68awQ\tUsing Salt to Optimize Mental & Physical Performance | Huberman Lab Podcast #63\tNA\thttps://www.youtube.com/watch?v=azb3Ih68awQ\tNA\t7434.0
ouCWNRvPk20\tHow to Build, Maintain & Repair Gut Health | Dr. Justin Sonnenburg\tNA\thttps://www.youtube.com/watch?v=ouCWNRvPk20\tNA\t8079.0
15R2pMqU2ok\tHow to Enhance Your Gut Microbiome for Brain & Overall Health\tNA\thttps://www.youtube.com/watch?v=15R2pMqU2ok\tNA\t6735.0
PctD-ki8dCc\tUsing Hypnosis to Enhance Health & Performance | Dr. David Spiegel\tNA\thttps://www.youtube.com/watch?v=PctD-ki8dCc\tNA\t6761.0
gMRph_BvHB4\tThe Science of Love, Desire and Attachment\tNA\thttps://www.youtube.com/watch?v=gMRph_BvHB4\tNA\t9312.0
BwyZIWeBpRw\tUsing Play to Rewire & Improve Your Brain\tNA\thttps://www.youtube.com/watch?v=BwyZIWeBpRw\tNA\t6396.0
Ze2pc6NwsHQ\tOptimizing Workspace for Productivity, Focus, & Creativity\tNA\thttps://www.youtube.com/watch?v=Ze2pc6NwsHQ\tNA\t6116.0
dFR_wFN23ZY\tScience of Mindsets for Health & Performance | Dr. Alia Crum\tNA\thttps://www.youtube.com/watch?v=dFR_wFN23ZY\tNA\t6063.0
t1F7EEGPQwo\tThe Science of Setting & Achieving Goals\tNA\thttps://www.youtube.com/watch?v=t1F7EEGPQwo\tNA\t6863.0
GLgKkG44MGo\tBreathing for Mental & Physical Health & Performance | Dr. Jack Feldman\tNA\thttps://www.youtube.com/watch?v=GLgKkG44MGo\tNA\t8617.0
Wcs2PFz5q6g\tThe Science of Making & Breaking Habits\tNA\thttps://www.youtube.com/watch?v=Wcs2PFz5q6g\tNA\t6639.0
n9IxomBusuw\tThe Biology of Slowing & Reversing Aging | Dr. David Sinclair\tNA\thttps://www.youtube.com/watch?v=n9IxomBusuw\tNA\t7843.0
RgAcOqVRfYA\tScience of Social Bonding in Family, Friendship & Romantic Love\tNA\thttps://www.youtube.com/watch?v=RgAcOqVRfYA\tNA\t5602.0
oC3fhUjg30E\tYour Brain's Logic & Function | Dr. David Berson\tNA\thttps://www.youtube.com/watch?v=oC3fhUjg30E\tNA\t6768.0
31wjVhCcI5Y\tErasing Fears & Traumas Based on the Modern Neuroscience of Fear\tNA\thttps://www.youtube.com/watch?v=31wjVhCcI5Y\tNA\t8030.0
HXzTbCEqCJc\tHow Humans Select & Keep Romantic Partners in Short & Long Term | Dr. David Buss\tNA\thttps://www.youtube.com/watch?v=HXzTbCEqCJc\tNA\t7982.0
KVjfFN89qvQ\tThe Science of Gratitude & How to Build a Gratitude Practice\tNA\thttps://www.youtube.com/watch?v=KVjfFN89qvQ\tNA\t5157.0
8IWDAqodDas\tTime Perception & Entrainment by Dopamine, Serotonin & Hormones\tNA\thttps://www.youtube.com/watch?v=8IWDAqodDas\tNA\t4457.0
iMvtHqLmEkI\tHow to Exercise for Strength Gains & Hormone Optimization | Dr. Duncan French\tNA\thttps://www.youtube.com/watch?v=iMvtHqLmEkI\tNA\t5406.0
poOf8b2WE2g\tUsing Your Nervous System to Enhance Your Immune System\tNA\thttps://www.youtube.com/watch?v=poOf8b2WE2g\tNA\t7232.0
oUu3f0ETMJQ\tTiming Light, Food, & Exercise for Better Sleep, Energy & Mood | Dr. Samer Hattar\tNA\thttps://www.youtube.com/watch?v=oUu3f0ETMJQ\tNA\t8068.0
E7W4OQfJWdw\tNutrients For Brain Health & Performance | Huberman Lab Podcast #42\tNA\thttps://www.youtube.com/watch?v=E7W4OQfJWdw\tNA\t6079.0
9tRohh0gErM\tEffects of Fasting & Time Restricted Eating on Fat Loss & Health | Huberman Lab Podcast #41\tNA\thttps://www.youtube.com/watch?v=9tRohh0gErM\tNA\t8767.0
77CdVSpnUX4\tUsing Temperature for Performance, Brain & Body Health | Dr. Craig Heller\tNA\thttps://www.youtube.com/watch?v=77CdVSpnUX4\tNA\t6696.0
QmOF0crdyRU\tControlling Your Dopamine For Motivation, Focus & Satisfaction\tNA\thttps://www.youtube.com/watch?v=QmOF0crdyRU\tNA\t8192.0
GzvzWO0NU50\tPsychedelics for Treating Mental Disorders | Dr. Matthew Johnson\tNA\thttps://www.youtube.com/watch?v=GzvzWO0NU50\tNA\t10325.0
hFL6qRIJZ_Y\tADHD & How Anyone Can Improve Their Focus\tNA\thttps://www.youtube.com/watch?v=hFL6qRIJZ_Y\tNA\t8281.0
2XGREPnlI8U\tHealthy Eating & Eating Disorders - Anorexia, Bulimia, Binging\tNA\thttps://www.youtube.com/watch?v=2XGREPnlI8U\tNA\t8179.0
DtmwtjOoSYU\tScience of Stress, Testosterone & Free Will | Dr. Robert Sapolsky\tNA\thttps://www.youtube.com/watch?v=DtmwtjOoSYU\tNA\t5390.0
Xu1FMCxoEFc\tUnderstanding & Conquering Depression\tNA\thttps://www.youtube.com/watch?v=Xu1FMCxoEFc\tNA\t7323.0
p3JLaF_4Tz8\tUnderstanding & Treating Addiction | Dr. Anna Lembke\tNA\thttps://www.youtube.com/watch?v=p3JLaF_4Tz8\tNA\t7352.0
xmhsWAqP_0Y\tHow to Control Your Sense of Pain & Pleasure\tNA\thttps://www.youtube.com/watch?v=xmhsWAqP_0Y\tNA\t8172.0
gbQFSMayJxk\tThe Science & Practice of Perfecting Your Sleep | Dr. Matt Walker\tNA\thttps://www.youtube.com/watch?v=gbQFSMayJxk\tNA\t11166.0
rW9QKc-iFoY\tHow to Optimize Your Brain-Body Function & Health\tNA\thttps://www.youtube.com/watch?v=rW9QKc-iFoY\tNA\t6764.0
VRvn3Oj5r3E\tMachines, Creativity & Love | Dr. Lex Fridman\tNA\thttps://www.youtube.com/watch?v=VRvn3Oj5r3E\tNA\t10999.0
aXvDEmo6uS4\tMaximizing Productivity, Physical & Mental Health with Daily Tools\tNA\thttps://www.youtube.com/watch?v=aXvDEmo6uS4\tNA\t7621.0
JVRyzYB9JSY\tThe Science of Hearing, Balance & Accelerated Learning\tNA\thttps://www.youtube.com/watch?v=JVRyzYB9JSY\tNA\t7417.0
w9MXqXBZy9U\tUnderstanding & Healing the Mind | Dr. Karl Deisseroth\tNA\thttps://www.youtube.com/watch?v=w9MXqXBZy9U\tNA\t7326.0
Mwz8JprPeMc\tHow Smell, Taste & Pheromone-Like Chemicals Control You\tNA\thttps://www.youtube.com/watch?v=Mwz8JprPeMc\tNA\t7181.0
ObtW353d5i0\tThe Science of Vision, Eye Health & Seeing Better\tNA\thttps://www.youtube.com/watch?v=ObtW353d5i0\tNA\t6578.0
VQLU7gpk_X8\tHow to Build Endurance in Your Brain & Body\tNA\thttps://www.youtube.com/watch?v=VQLU7gpk_X8\tNA\t7530.0
XLr2RKoD-oY\tScience of Muscle Growth, Increasing Strength & Muscular Recovery\tNA\thttps://www.youtube.com/watch?v=XLr2RKoD-oY\tNA\t7460.0
GqPGXG5TlZw\tHow to Lose Fat with Science-Based Tools\tNA\thttps://www.youtube.com/watch?v=GqPGXG5TlZw\tNA\t6834.0
xJ0IBzCjEPk\tHow to Learn Skills Faster\tNA\thttps://www.youtube.com/watch?v=xJ0IBzCjEPk\tNA\t6735.0
xaE9XyMMAHY\tSupercharge Exercise Performance & Recovery with Cooling\tNA\thttps://www.youtube.com/watch?v=xaE9XyMMAHY\tNA\t5031.0
JPX8g8ibKFc\tUsing Cortisol & Adrenaline to Boost Our Energy & Immune System Function\tNA\thttps://www.youtube.com/watch?v=JPX8g8ibKFc\tNA\t6398.0
x7qbJeRxWGw\tHow to Control Your Metabolism by Thyroid & Growth Hormone\tNA\thttps://www.youtube.com/watch?v=x7qbJeRxWGw\tNA\t6361.0
17O5mgXZ9ZU\tHow Our Hormones Control Our Hunger, Eating & Satiety\tNA\thttps://www.youtube.com/watch?v=17O5mgXZ9ZU\tNA\t5983.0
qJXKhu5UZwk\tThe Science of How to Optimize Testosterone & Estrogen\tNA\thttps://www.youtube.com/watch?v=qJXKhu5UZwk\tNA\t7367.0
rBdhqBGqiMc\tReduce Anxiety & Stress with the Physiological Sigh | Huberman Lab Quantal Clip\tNA\thttps://www.youtube.com/watch?v=rBdhqBGqiMc\tNA\t165.0
J7SrAEacyf8\tHow Hormones Shape Sexual Development\tNA\thttps://www.youtube.com/watch?v=J7SrAEacyf8\tNA\t5903.0
hcuMLQVAgEg\tThe Science of Emotions & Relationships\tNA\thttps://www.youtube.com/watch?v=hcuMLQVAgEg\tNA\t6062.0
PZ-GvIOhcf8\tHow to Control Stress in Real-Time | Huberman Lab Quantal Clip\tNA\thttps://www.youtube.com/watch?v=PZ-GvIOhcf8\tNA\t133.0
vA50EK70whE\tHow to Increase Motivation & Drive\tNA\thttps://www.youtube.com/watch?v=vA50EK70whE\tNA\t5343.0
XfURDjegrAw\tHow Foods and Nutrients Control Our Moods\tNA\thttps://www.youtube.com/watch?v=XfURDjegrAw\tNA\t6248.0
ntfcfJ28eiU\tTools for Managing Stress & Anxiety\tNA\thttps://www.youtube.com/watch?v=ntfcfJ28eiU\tNA\t5904.0
mcPSRWUYCv0\tControl Pain & Heal Faster with Your Brain\tNA\thttps://www.youtube.com/watch?v=mcPSRWUYCv0\tNA\t5878.0
uuP-1ioh4LY\tOptimize Your Learning & Creativity With Science-Based Tools\tNA\thttps://www.youtube.com/watch?v=uuP-1ioh4LY\tNA\t5435.0
hx3U64IXFOY\tLearn Faster Using Failures, Movement & Balance\tNA\thttps://www.youtube.com/watch?v=hx3U64IXFOY\tNA\t5286.0
LG53Vxum0as\tHow to Focus to Change Your Brain\tNA\thttps://www.youtube.com/watch?v=LG53Vxum0as\tNA\t5383.0
FFwA0QFmpQ4\tUnderstand and Use Dreams to Learn and Forget\tNA\thttps://www.youtube.com/watch?v=FFwA0QFmpQ4\tNA\t4670.0
NAATB55oxeQ\tHow to Defeat Jet Lag, Shift Work & Sleeplessness\tNA\thttps://www.youtube.com/watch?v=NAATB55oxeQ\tNA\t6656.0
nwSkFq4tyC0\tUsing Science to Optimize Sleep, Learning & Metabolism\tNA\thttps://www.youtube.com/watch?v=nwSkFq4tyC0\tNA\t6086.0
nm1TxQj9IsQ\tMaster Your Sleep & Be More Alert When Awake\tNA\thttps://www.youtube.com/watch?v=nm1TxQj9IsQ\tNA\t4925.0
H-XfCl-HpRM\tHow Your Brain Works & Changes\tNA\thttps://www.youtube.com/watch?v=H-XfCl-HpRM\tNA\t3751.0
4b6bwcWK6GE\tWelcome to the Huberman Lab Podcast\tNA\thttps://www.youtube.com/watch?v=4b6bwcWK6GE\tNA\t263.0
