video_id,title,channel,url
-3fIiw9iKwM,Stay Younger With Stem Cell Boosting Foods!,Healthy Immune Doc,https://www.youtube.com/watch?v=-3fIiw9iKwM
-A1sE7byy-E,5 Bad Habits That Make Heart Attacks; Prevention,Healthy Immune Doc,https://www.youtube.com/watch?v=-A1sE7byy-E
-OBCwiPPfEU,Dr. Matt Walker: The Biology of Sleep & Your Unique Sleep Needs | Huberman Lab Guest Series,Andrew Huberman,https://www.youtube.com/watch?v=-OBCwiPPfEU
-_2S_erNJTY,Which Beef Is The Healthiest? It's Not What You Think.,Healthy Immune Doc,https://www.youtube.com/watch?v=-_2S_erNJTY
-axlManjN_Y,"""Healthy"" Foods That Cause Cancer",Healthy Immune Doc,https://www.youtube.com/watch?v=-axlManjN_Y
-e9ErUozQo4,LIVE EVENT Q&A: Dr. Andrew Huberman at the Brisbane Convention & Exhibition Centre,Andrew Huberman,https://www.youtube.com/watch?v=-e9ErUozQo4
-wIt_WsJGfw,"Using Meditation to Focus, View Consciousness & Expand Your Mind | Dr. Sam Harris",Andrew Huberman,https://www.youtube.com/watch?v=-wIt_WsJGfw
099hgtRoUZw,Boost Attention & Memory with Science-Based Tools | Dr. Wendy Suzuki,Andrew Huberman,https://www.youtube.com/watch?v=099hgtRoUZw
0Axj7dj2CjE,Eat Sugar and Lose Weight! 10 Unbelievable Sweets!,Healthy Immune Doc,https://www.youtube.com/watch?v=0Axj7dj2CjE
0CVozExMpEo,The Truth About Dairy & Plant Milks,Healthy Immune Doc,https://www.youtube.com/watch?v=0CVozExMpEo
0RYyQRQFgFk,Science-Based Mental Training & Visualization for Improved Learning | Huberman Lab Podcast,Andrew Huberman,https://www.youtube.com/watch?v=0RYyQRQFgFk
0Za_3yePTWg,Top 10 Ways to Find Cheap & Healthy Groceries!,Healthy Immune Doc,https://www.youtube.com/watch?v=0Za_3yePTWg
0ZtpuIEkwgY,Which Iron Is Best? It's Not What You Think!,Healthy Immune Doc,https://www.youtube.com/watch?v=0ZtpuIEkwgY
0ksdjxzr1iI,Inflammation: Unaware of Gout? Top 10 Best Foods,Healthy Immune Doc,https://www.youtube.com/watch?v=0ksdjxzr1iI
12ff2W5fv9c,Healthy Immune Doc: How I Stay Healthy Daily.,Healthy Immune Doc,https://www.youtube.com/watch?v=12ff2W5fv9c
13yNqaSxxEc,#1 Cereal for Ultimate Health Boost!,Healthy Immune Doc,https://www.youtube.com/watch?v=13yNqaSxxEc
15R2pMqU2ok,How to Enhance Your Gut Microbiome for Brain & Overall Health,Andrew Huberman,https://www.youtube.com/watch?v=15R2pMqU2ok
1CxJVdeyltw,How to Improve Skin Health & Appearance,Andrew Huberman,https://www.youtube.com/watch?v=1CxJVdeyltw
1FRRtO61E-s,Can't Lose Weight? #1 Food For Fat Loss!,Healthy Immune Doc,https://www.youtube.com/watch?v=1FRRtO61E-s
1Wo6SqLNmLk,Curing All Human Diseases & the Future of Health & Technology | Mark Zuckerberg & Dr. Priscilla Chan,Andrew Huberman,https://www.youtube.com/watch?v=1Wo6SqLNmLk
1ZGiVXchVf0,"Drink Coffee, Burn Fat: The Secret Benefits For Weight Loss!",Healthy Immune Doc,https://www.youtube.com/watch?v=1ZGiVXchVf0
1iBXlMKVG80,Could You Have Liver Inflammation? 10 Things To Avoid.,Healthy Immune Doc,https://www.youtube.com/watch?v=1iBXlMKVG80
26wPcXskVa0,5 Symptoms To NEVER Ignore!,Healthy Immune Doc,https://www.youtube.com/watch?v=26wPcXskVa0
29n0WG317tM,"Life, Death & the Neuroscience of Your Unique Experience | Dr. David Linden",Andrew Huberman,https://www.youtube.com/watch?v=29n0WG317tM
2Ds1m5gflCI,"LIVE EVENT Q&A: Dr. Andrew Huberman Question & Answer in Seattle, WA",Andrew Huberman,https://www.youtube.com/watch?v=2Ds1m5gflCI
2TYHJchwEOQ,Tap Water & Your Home: Toxins You Need To Know.,Healthy Immune Doc,https://www.youtube.com/watch?v=2TYHJchwEOQ
2XGREPnlI8U,"Healthy Eating & Eating Disorders - Anorexia, Bulimia, Binging",Andrew Huberman,https://www.youtube.com/watch?v=2XGREPnlI8U
2XMb3MD6g6Q,"Essentials: Timing Light for Better Sleep, Energy & Mood | Dr. Samer Hattar",Andrew Huberman,https://www.youtube.com/watch?v=2XMb3MD6g6Q
2Y_PxTxLFVg,Improving Science & Restoring Trust in Public Health | Dr. Jay Bhattacharya,Andrew Huberman,https://www.youtube.com/watch?v=2Y_PxTxLFVg
2ZkJtIouKzE,Improving Health With Stronger Brain-Body Connection | Huberman Lab Essentials,Andrew Huberman,https://www.youtube.com/watch?v=2ZkJtIouKzE
2kmzEAUh_RI,"Doctor Reacts To Viral Top 20 ""Healthiest"" List!",Healthy Immune Doc,https://www.youtube.com/watch?v=2kmzEAUh_RI
2t4vswC-3mY,How to Expand Your Consciousness | Dr. Christof Koch,Andrew Huberman,https://www.youtube.com/watch?v=2t4vswC-3mY
3-ukCGQJk2c,Charting the Architecture of the Universe & Human Life | Dr. Brian Keating,Andrew Huberman,https://www.youtube.com/watch?v=3-ukCGQJk2c
31-iuTqRk1M,5 Symptoms To Never Ignore In Your Chest,Healthy Immune Doc,https://www.youtube.com/watch?v=31-iuTqRk1M
31XIbBoIM1w,Anti-Aging: The BEST Collagen Supplement To EAT!,Healthy Immune Doc,https://www.youtube.com/watch?v=31XIbBoIM1w
31wjVhCcI5Y,Erasing Fears & Traumas Based on the Modern Neuroscience of Fear,Andrew Huberman,https://www.youtube.com/watch?v=31wjVhCcI5Y
3FE0GwGpOlY,Could You Have Kidney Stones? 10 Ways To Avoid Them,Healthy Immune Doc,https://www.youtube.com/watch?v=3FE0GwGpOlY
3VaQDxg8JVY,No More Cancer: Top 10 Natural Foods to Eat Now!,Healthy Immune Doc,https://www.youtube.com/watch?v=3VaQDxg8JVY
3ZGItIAUQmI,Neuralink & Technologies to Enhance Human Brains | Dr. Matthew MacDougall,Andrew Huberman,https://www.youtube.com/watch?v=3ZGItIAUQmI
3ZjT3-h9Hk8,special fruits,Healthy Immune Doc,https://www.youtube.com/watch?v=3ZjT3-h9Hk8
3_auLYOilb8,"LIVE EVENT Q&A: Dr. Andrew Huberman Question & Answer in Portland, OR",Andrew Huberman,https://www.youtube.com/watch?v=3_auLYOilb8
3dQ5rkUGxG8,5 Symptoms To Never Ignore; Liver Disease,Healthy Immune Doc,https://www.youtube.com/watch?v=3dQ5rkUGxG8
3gtvNYa3Nd8,"How to Unlock Your Potential, Motivation & Unique Abilities | Dr. Adam Grant",Andrew Huberman,https://www.youtube.com/watch?v=3gtvNYa3Nd8
43_Q0vdIVMI,Got A Rash? Avoid These Plants.,Healthy Immune Doc,https://www.youtube.com/watch?v=43_Q0vdIVMI
4AwyVTHEU3s,How to Focus to Change Your Brain | Huberman Lab Essentials,Andrew Huberman,https://www.youtube.com/watch?v=4AwyVTHEU3s
4DzIbKxYjd8,Don't Ignore The Top 5 Warning Signs Of Breast Cancer.,Healthy Immune Doc,https://www.youtube.com/watch?v=4DzIbKxYjd8
4F_RBc1akC8,"Dr. Matt Walker: How to Structure Your Sleep, Use Naps & Time Caffeine | Huberman Lab Guest Series",Andrew Huberman,https://www.youtube.com/watch?v=4F_RBc1akC8
4RFEkGKKhdE,How to Heal From Post-Traumatic Stress Disorder (PTSD) | Dr. Victor Carrión,Andrew Huberman,https://www.youtube.com/watch?v=4RFEkGKKhdE
4TsOnsPDKKY,How to Set & Achieve Massive Goals | Alex Honnold,Andrew Huberman,https://www.youtube.com/watch?v=4TsOnsPDKKY
4jWYSZnK8pg,The Best Essential Fat For Mitochondria.,Healthy Immune Doc,https://www.youtube.com/watch?v=4jWYSZnK8pg
4kjUtm2JbAA,Lower & Reverse High Cholesterol: Top 10 Foods To Eat,Healthy Immune Doc,https://www.youtube.com/watch?v=4kjUtm2JbAA
5--yogtN6oM,Supercharge Exercise Performance & Recovery with Cooling | Huberman Lab Essentials,Andrew Huberman,https://www.youtube.com/watch?v=5--yogtN6oM
50BZQRT1dAg,A Process for Finding & Achieving Your Unique Purpose | Robert Greene,Andrew Huberman,https://www.youtube.com/watch?v=50BZQRT1dAg
54gs-b39FHg,Replacing Potatoes: Top 7 Anti-inflammatory Foods,Healthy Immune Doc,https://www.youtube.com/watch?v=54gs-b39FHg
5DM8PB_bswM,Superfoods: The Truth About Sprouts.,Healthy Immune Doc,https://www.youtube.com/watch?v=5DM8PB_bswM
5J9WlVuD4MY,Doctor Reacts: The Healthiest Viral Cooking Shorts!,Healthy Immune Doc,https://www.youtube.com/watch?v=5J9WlVuD4MY
5wbBdpgKalM,Reverse Fatty Liver & Lose Weight: Top 10 Best Ways,Healthy Immune Doc,https://www.youtube.com/watch?v=5wbBdpgKalM
5ywi1EGSeDo,No More Cancer! #1 Supplement To Know!,Healthy Immune Doc,https://www.youtube.com/watch?v=5ywi1EGSeDo
65lnLZoaZkc,No More Dementia! Top 10 Foods To Eat Now!,Healthy Immune Doc,https://www.youtube.com/watch?v=65lnLZoaZkc
6I5I56uVvLw,"Navigating Conflict, Finding Purpose & Maintaining Drive | Dr Lex Fridman",Andrew Huberman,https://www.youtube.com/watch?v=6I5I56uVvLw
6Myvwe6oFd0,Can't Lose Weight? 10 Quick & Easy Lunches To Eat,Healthy Immune Doc,https://www.youtube.com/watch?v=6Myvwe6oFd0
6P8hrzjnetU,How to Navigate Menopause & Perimenopause for Maximum Health & Vitality | Dr. Mary Claire Haver,Andrew Huberman,https://www.youtube.com/watch?v=6P8hrzjnetU
6ZrlsVx85ek,"The Science of Healthy Hair, Hair Loss and How to Regrow Hair | Huberman Lab Podcast",Andrew Huberman,https://www.youtube.com/watch?v=6ZrlsVx85ek
6ck9fa6_C8c,What Pets Actually Want & Need | Dr. Karolina Westlund,Andrew Huberman,https://www.youtube.com/watch?v=6ck9fa6_C8c
6gbrRH0WW9k,Fight Cancer: Top 10 Best Foods To Eat,Healthy Immune Doc,https://www.youtube.com/watch?v=6gbrRH0WW9k
6niZT1hN1zU,Superfoods: Coffee & Immunity & Why You Should Drink It!,Healthy Immune Doc,https://www.youtube.com/watch?v=6niZT1hN1zU
6qMydyG6gIQ,Anti-Aging: Reversing Skin Changes,Healthy Immune Doc,https://www.youtube.com/watch?v=6qMydyG6gIQ
6qWsb7czpHA,Top 10 Ways: Boost Immunity Against Cancer!,Healthy Immune Doc,https://www.youtube.com/watch?v=6qWsb7czpHA
6yKikpEY1ac,Beat The Flu! 10 Must-Do Essentials To Recover!,Healthy Immune Doc,https://www.youtube.com/watch?v=6yKikpEY1ac
70oW9V4UrzI,Can't Poop? Top 10 Natural Remedies.,Healthy Immune Doc,https://www.youtube.com/watch?v=70oW9V4UrzI
77CdVSpnUX4,"Using Temperature for Performance, Brain & Body Health | Dr. Craig Heller",Andrew Huberman,https://www.youtube.com/watch?v=77CdVSpnUX4
79p1X_7rAMo,Supplements for Longevity & Their Efficacy | Dr. Peter Attia,Andrew Huberman,https://www.youtube.com/watch?v=79p1X_7rAMo
7Ey_vTTgJGc,AMA #11: Improve Task Switching & Productivity and Reduce Brain Fog,Andrew Huberman,https://www.youtube.com/watch?v=7Ey_vTTgJGc
7LXU7fT3w_s,If you drink WATER...watch THIS.,Healthy Immune Doc,https://www.youtube.com/watch?v=7LXU7fT3w_s
7MEhDlw1e9k,How to Build Endurance | Huberman Lab Essentials,Andrew Huberman,https://www.youtube.com/watch?v=7MEhDlw1e9k
7R3-3HR6-u4,"Intermittent Fasting to Improve Health, Cognition & Longevity | Dr. Satchin Panda",Andrew Huberman,https://www.youtube.com/watch?v=7R3-3HR6-u4
7SIjcX5B1Vs,Build Your Ideal Physique | Dr. Bret Contreras,Andrew Huberman,https://www.youtube.com/watch?v=7SIjcX5B1Vs
7YGZZcXqKxE,Tools for Setting & Achieving Goals | Dr. Emily Balcetis,Andrew Huberman,https://www.youtube.com/watch?v=7YGZZcXqKxE
7ZXkHGhTR3Q,Anti-Aging: 4 Simple Steps to Stay Youthful,Healthy Immune Doc,https://www.youtube.com/watch?v=7ZXkHGhTR3Q
7mHjtGpVwKQ,No More Cancer: 10 Things You Should Know!,Healthy Immune Doc,https://www.youtube.com/watch?v=7mHjtGpVwKQ
7tmSbgS3ZEE,Can't Lose Weight? Meal Prep These Foods.,Healthy Immune Doc,https://www.youtube.com/watch?v=7tmSbgS3ZEE
8-tUdc06aTI,Anti-Aging: Must Eat Fat for Collagen!,Healthy Immune Doc,https://www.youtube.com/watch?v=8-tUdc06aTI
8IWDAqodDas,"Time Perception & Entrainment by Dopamine, Serotonin & Hormones",Andrew Huberman,https://www.youtube.com/watch?v=8IWDAqodDas
8N7mdkrXgbc,"How to Improve Your Mobility, Posture & Flexibility | Dr. Kelly Starrett",Andrew Huberman,https://www.youtube.com/watch?v=8N7mdkrXgbc
8SR69csrlXY,Superfoods: Turmeric & Why You Should Eat It!,Healthy Immune Doc,https://www.youtube.com/watch?v=8SR69csrlXY
8qaBpM73NSk,"Transform Your Health by Improving Metabolism, Hormone & Blood Sugar Regulation | Dr. Casey Means",Andrew Huberman,https://www.youtube.com/watch?v=8qaBpM73NSk
931uNnUhkQE,Fight Inflammation With NAC: N-acetylcysteine,Healthy Immune Doc,https://www.youtube.com/watch?v=931uNnUhkQE
9KG38DZ5ym8,Which Red Light Is Best? It's Not What You Think!,Healthy Immune Doc,https://www.youtube.com/watch?v=9KG38DZ5ym8
9KiXZIPWUaY,How I Lost Weight.,Healthy Immune Doc,https://www.youtube.com/watch?v=9KiXZIPWUaY
9YbZh6kzA-k,The Secret To Quitting Sugar For Good!,Healthy Immune Doc,https://www.youtube.com/watch?v=9YbZh6kzA-k
9YvK9hpIZC8,Which Fat is the Healthiest? It's NOT what you Think.,Healthy Immune Doc,https://www.youtube.com/watch?v=9YvK9hpIZC8
9lxbRsVcNiw,Inflammation: Unaware of Gout? Top 10 Worst Foods,Healthy Immune Doc,https://www.youtube.com/watch?v=9lxbRsVcNiw
9sqhXRQO2js,Collagen: Top 10 Supplements That Actually Work!,Healthy Immune Doc,https://www.youtube.com/watch?v=9sqhXRQO2js
9tRohh0gErM,Effects of Fasting & Time Restricted Eating on Fat Loss & Health | Huberman Lab Podcast #41,Andrew Huberman,https://www.youtube.com/watch?v=9tRohh0gErM
9vQZT2igXN4,How Different Diets Impact Your Health | Dr. Christopher Gardner,Andrew Huberman,https://www.youtube.com/watch?v=9vQZT2igXN4
AtChcxeaukQ,How to Prevent & Treat Colds & Flu,Andrew Huberman,https://www.youtube.com/watch?v=AtChcxeaukQ
AwOhVYj3KmE,#1 Brain Boosting Nutrients: Must Eat All Day!,Healthy Immune Doc,https://www.youtube.com/watch?v=AwOhVYj3KmE
B1O_qmCa8p8,Top 10 Healthy Snacks To Quit Sugar FOREVER!,Healthy Immune Doc,https://www.youtube.com/watch?v=B1O_qmCa8p8
BMTt8gSl13s,"Use Sleep to Enhance Learning, Memory & Emotional State | Dr. Gina Poe",Andrew Huberman,https://www.youtube.com/watch?v=BMTt8gSl13s
BVd9OJn5stg,Parasites: Nature’s Killers and Healers!,Healthy Immune Doc,https://www.youtube.com/watch?v=BVd9OJn5stg
BeJ12SJ4Mys,No More Dementia! The #1 Longevity Vitamin,Healthy Immune Doc,https://www.youtube.com/watch?v=BeJ12SJ4Mys
Bk_O0Odh0Ow,Protect Your Brain: Is Fluoride Safe?,Healthy Immune Doc,https://www.youtube.com/watch?v=Bk_O0Odh0Ow
BwyZIWeBpRw,Using Play to Rewire & Improve Your Brain,Andrew Huberman,https://www.youtube.com/watch?v=BwyZIWeBpRw
C5KpIXjpzdY,The Science of Hunger & Medications to Combat Obesity | Dr. Zachary Knight,Andrew Huberman,https://www.youtube.com/watch?v=C5KpIXjpzdY
CD0bRU1e1ZM,Tools for Nutrition & Fitness | Dr. Layne Norton,Andrew Huberman,https://www.youtube.com/watch?v=CD0bRU1e1ZM
CDUetQMKM6g,Genes & the Inheritance of Memories Across Generations | Dr. Oded Rechavi,Andrew Huberman,https://www.youtube.com/watch?v=CDUetQMKM6g
CGjdgy0cwGk,How to Stop Headaches Using Science-Based Approaches | Huberman Lab Podcast,Andrew Huberman,https://www.youtube.com/watch?v=CGjdgy0cwGk
CJIXbibQ0jI,Mental Health Toolkit: Tools to Bolster Your Mood & Mental Health,Andrew Huberman,https://www.youtube.com/watch?v=CJIXbibQ0jI
CLbVW3Pj46A,"Control Your Vagus Nerve to Improve Mood, Alertness & Neuroplasticity",Andrew Huberman,https://www.youtube.com/watch?v=CLbVW3Pj46A
CQlTmOFM4Qs,Tools to Enhance Working Memory & Attention,Andrew Huberman,https://www.youtube.com/watch?v=CQlTmOFM4Qs
CZIudWdbRtk,Fight Breast Cancer: 10 Best Foods To Eat Daily,Healthy Immune Doc,https://www.youtube.com/watch?v=CZIudWdbRtk
Cm4ui4vZVCM,No More (Pre)Diabetes! Top 10 Unbelievable Foods!,Healthy Immune Doc,https://www.youtube.com/watch?v=Cm4ui4vZVCM
CqJmKFFYeL0,Beat Diabetes & Lose Weight: Top 10 Best Ways,Healthy Immune Doc,https://www.youtube.com/watch?v=CqJmKFFYeL0
CvyeEZWdsa4,Top 10 Brain Boosting Immune Breakfast Foods You Must Eat,Healthy Immune Doc,https://www.youtube.com/watch?v=CvyeEZWdsa4
CyDLbrZK75U,Dr. Andy Galpin: Optimal Protocols to Build Strength & Grow Muscles | Huberman Lab Guest Series,Andrew Huberman,https://www.youtube.com/watch?v=CyDLbrZK75U
D61jJJPIQeo,Effects of Fasting & Time Restricted Eating on Fat Loss & Health | Huberman Lab Essentials,Andrew Huberman,https://www.youtube.com/watch?v=D61jJJPIQeo
D7-DeJIX4HI,5 Bad Habits That Make Your Liver Sick,Healthy Immune Doc,https://www.youtube.com/watch?v=D7-DeJIX4HI
D97TQuy946k,Optimize Your Learning & Creativity With Science-Based Tools | Huberman Lab Essentials,Andrew Huberman,https://www.youtube.com/watch?v=D97TQuy946k
DSykyyxv9ec,Beating Fatty Liver: What Switzerland Can Teach Us,Healthy Immune Doc,https://www.youtube.com/watch?v=DSykyyxv9ec
DTCmprPCDqc,"Exercise, Nutrition, Hormones for Vitality & Longevity | Dr. Peter Attia",Andrew Huberman,https://www.youtube.com/watch?v=DTCmprPCDqc
DU6Ci5Z8Gxw,Which Flour Is The Healthiest? It's Not What You Think,Healthy Immune Doc,https://www.youtube.com/watch?v=DU6Ci5Z8Gxw
DkS1pkKpILY,"What Alcohol Does to Your Body, Brain & Health",Andrew Huberman,https://www.youtube.com/watch?v=DkS1pkKpILY
DrAl-DrTvMM,No More Cancer: Top 10 Things You Must Know Now!,Healthy Immune Doc,https://www.youtube.com/watch?v=DrAl-DrTvMM
DxX-xqGdopc,Must-Eat Sandwich to Supercharge Immunity!,Healthy Immune Doc,https://www.youtube.com/watch?v=DxX-xqGdopc
E5PnkEsOa38,5 Bad Habits That Make Your Lungs Sick; Asthma & Lung Cancer,Healthy Immune Doc,https://www.youtube.com/watch?v=E5PnkEsOa38
E7W4OQfJWdw,Nutrients For Brain Health & Performance | Huberman Lab Podcast #42,Andrew Huberman,https://www.youtube.com/watch?v=E7W4OQfJWdw
EQ3GjpGq5Y8,The Science & Health Benefits of Deliberate Heat Exposure | Huberman Lab Podcast #69,Andrew Huberman,https://www.youtube.com/watch?v=EQ3GjpGq5Y8
EWFF6pL0f6I,No More Bad Cholesterol! Surprising Ways That Work!,Healthy Immune Doc,https://www.youtube.com/watch?v=EWFF6pL0f6I
EhlIkzJwPlk,"Female Hormone Health, Fertility & Vitality | Dr. Natalie Crawford",Andrew Huberman,https://www.youtube.com/watch?v=EhlIkzJwPlk
Es5qlFVEvLw,#1 Hydration Drink That Is Better Than Water!,Healthy Immune Doc,https://www.youtube.com/watch?v=Es5qlFVEvLw
F54qXuTpgfM,Improving Sexual & Urological Health in Males and Females | Dr. Rena Malik,Andrew Huberman,https://www.youtube.com/watch?v=F54qXuTpgfM
F9KrZd_-ge0,"Dr. Matt Walker: Using Sleep to Improve Learning, Creativity & Memory | Huberman Lab Guest Series",Andrew Huberman,https://www.youtube.com/watch?v=F9KrZd_-ge0
FA9jT_1sL4M,"Heal Your Liver, Boost Metabolism",Healthy Immune Doc,https://www.youtube.com/watch?v=FA9jT_1sL4M
FCFQx3cA0Lg,How Hormones Shape Sexual Development | Huberman Lab Essentials,Andrew Huberman,https://www.youtube.com/watch?v=FCFQx3cA0Lg
FE0lTEUa7EY,"AMA #8: Balancing Caffeine, Decision Fatigue & Social Isolation",Andrew Huberman,https://www.youtube.com/watch?v=FE0lTEUa7EY
F_Rh5HHkmJA,Inflammation: Missing 10 Signs of High Cortisol?,Healthy Immune Doc,https://www.youtube.com/watch?v=F_Rh5HHkmJA
FeRgqJVALMQ,How to Understand Emotions | Dr. Lisa Feldman Barrett,Andrew Huberman,https://www.youtube.com/watch?v=FeRgqJVALMQ
FkBzEdT5ImM,You're WRONG about SUGAR.,Healthy Immune Doc,https://www.youtube.com/watch?v=FkBzEdT5ImM
G0I0BSfl_2A,Can't Lose Weight? Eat This #1 Food For Weight Loss,Healthy Immune Doc,https://www.youtube.com/watch?v=G0I0BSfl_2A
G3GtC-_q4LQ,Which Soda Is The Healthiest? It's Not What You Think.,Healthy Immune Doc,https://www.youtube.com/watch?v=G3GtC-_q4LQ
GA89kjVY6Ik,LIVE EVENT Q&A: Dr. Andrew Huberman at the Sydney Opera House,Andrew Huberman,https://www.youtube.com/watch?v=GA89kjVY6Ik
GLgKkG44MGo,Breathing for Mental & Physical Health & Performance | Dr. Jack Feldman,Andrew Huberman,https://www.youtube.com/watch?v=GLgKkG44MGo
GVRDGQhoEYQ,How to Optimize Female Hormone Health for Vitality & Longevity | Dr. Sara Gottfried,Andrew Huberman,https://www.youtube.com/watch?v=GVRDGQhoEYQ
GYKb9U7vPCI,The Healthiest Rice. It's Not What You Think!,Healthy Immune Doc,https://www.youtube.com/watch?v=GYKb9U7vPCI
GcNc7WbydiU,Replacing Sugar: 10 Anti-Inflammatory Sweet Foods!,Healthy Immune Doc,https://www.youtube.com/watch?v=GcNc7WbydiU
Gf-kC30SLtc,"AMA #18: Cold Therapy Advice, Skin Health Tips, Motivation, Learning Strategies & More",Andrew Huberman,https://www.youtube.com/watch?v=Gf-kC30SLtc
GpgqXCkRO-w,Protocols to Access Creative Energy and Process | Rick Rubin,Andrew Huberman,https://www.youtube.com/watch?v=GpgqXCkRO-w
GqPGXG5TlZw,How to Lose Fat with Science-Based Tools,Andrew Huberman,https://www.youtube.com/watch?v=GqPGXG5TlZw
GzvzWO0NU50,Psychedelics for Treating Mental Disorders | Dr. Matthew Johnson,Andrew Huberman,https://www.youtube.com/watch?v=GzvzWO0NU50
H4mMZ0vliMo,"Curing Autism, Epilepsy & Schizophrenia with Stem Cells | Dr. Sergiu Pașca",Andrew Huberman,https://www.youtube.com/watch?v=H4mMZ0vliMo
H9OWuZHT4Uc,Master Blood Sugars: Easy Steps For Success!,Healthy Immune Doc,https://www.youtube.com/watch?v=H9OWuZHT4Uc
H9Q1EsSkuGU,Can't Lose Weight? 10 Flavorful Game Changers To Eat,Healthy Immune Doc,https://www.youtube.com/watch?v=H9Q1EsSkuGU
HEWtHhsvk0k,Can't Lose Weight? The Truth About Diabetes,Healthy Immune Doc,https://www.youtube.com/watch?v=HEWtHhsvk0k
HFXhNSW3JRI,Inflammation: Top 10 Ways To Beat Allergies,Healthy Immune Doc,https://www.youtube.com/watch?v=HFXhNSW3JRI
HTJ8lDtJOg4,The Science & Art of Comedy & Creativity | Tom Segura,Andrew Huberman,https://www.youtube.com/watch?v=HTJ8lDtJOg4
HWcphoKlbxY,Understanding & Conquering Depression | Huberman Lab Essentials,Andrew Huberman,https://www.youtube.com/watch?v=HWcphoKlbxY
HXzTbCEqCJc,How Humans Select & Keep Romantic Partners in Short & Long Term | Dr. David Buss,Andrew Huberman,https://www.youtube.com/watch?v=HXzTbCEqCJc
HYVeP4F0GNU,How to Optimize Cognitive Function & Brain Health | Dr. Mark D'Esposito,Andrew Huberman,https://www.youtube.com/watch?v=HYVeP4F0GNU
HeOWNX_zUGQ,How To Make Protein & Antioxidant Rich Breakfast Salad,Healthy Immune Doc,https://www.youtube.com/watch?v=HeOWNX_zUGQ
HiyzzcuaAac,Essentials: How Your Brain Works & Changes,Andrew Huberman,https://www.youtube.com/watch?v=HiyzzcuaAac
HjzrUHVIqyo,No More Diabetes: “Healthy” Foods for Insulin Resistance,Healthy Immune Doc,https://www.youtube.com/watch?v=HjzrUHVIqyo
Hnw28h0HQLs,Replacing Sugar: Top 10 Anti-Inflammatory Sweet Foods,Healthy Immune Doc,https://www.youtube.com/watch?v=Hnw28h0HQLs
HoH93judXmE,"AMA #9: Kratom Risks, Does Infrared Sauna Work & Journaling Benefits",Andrew Huberman,https://www.youtube.com/watch?v=HoH93judXmE
IAad8TaJmjU,What if you drink Water at Night?,Healthy Immune Doc,https://www.youtube.com/watch?v=IAad8TaJmjU
IAc3TPCjZbw,Solutions To Dry Skin You Must Know,Healthy Immune Doc,https://www.youtube.com/watch?v=IAc3TPCjZbw
IAnhFUUCq6c,"Dr. Andy Galpin: How to Build Strength, Muscle Size & Endurance",Andrew Huberman,https://www.youtube.com/watch?v=IAnhFUUCq6c
IOl28gj_RXw,"Therapy, Treating Trauma & Other Life Challenges | Dr. Paul Conti",Andrew Huberman,https://www.youtube.com/watch?v=IOl28gj_RXw
Ibj1k3IZTNU,How to Control Your Cortisol & Overcome Burnout,Andrew Huberman,https://www.youtube.com/watch?v=Ibj1k3IZTNU
Iu_N42I-oxI,Can't Lose Weight? Eat These Top 10 Natural Snacks,Healthy Immune Doc,https://www.youtube.com/watch?v=Iu_N42I-oxI
J2oqi41dCNc,"How to Use Exercise to Improve Your Brain’s Health, Longevity & Performance",Andrew Huberman,https://www.youtube.com/watch?v=J2oqi41dCNc
J7yn4tJEmJU,Tools for Overcoming Substance & Behavioral Addictions | Ryan Soave,Andrew Huberman,https://www.youtube.com/watch?v=J7yn4tJEmJU
JDdXJ1mfGL0,No More Cancer: 10 Healthy Foods that Aren't.,Healthy Immune Doc,https://www.youtube.com/watch?v=JDdXJ1mfGL0
JRNPM4cbwfU,Fight Fatty Liver & Diabetes: Top 10 Foods To Eat,Healthy Immune Doc,https://www.youtube.com/watch?v=JRNPM4cbwfU
JTSBi8QcfwI,The Secret To Quitting Sugar!,Healthy Immune Doc,https://www.youtube.com/watch?v=JTSBi8QcfwI
JVRyzYB9JSY,"The Science of Hearing, Balance & Accelerated Learning",Andrew Huberman,https://www.youtube.com/watch?v=JVRyzYB9JSY
JaRGJVrJBQ8,The Science & Practice of Perfecting Your Sleep | Huberman Lab Essentials,Andrew Huberman,https://www.youtube.com/watch?v=JaRGJVrJBQ8
JcHC4895B2I,No More Cancer: Vitamins to Prevent it.,Healthy Immune Doc,https://www.youtube.com/watch?v=JcHC4895B2I
Jy4rJcYmtUM,"Dr. Matt Walker: The Science of Dreams, Nightmares & Lucid Dreaming | Huberman Lab Guest Series",Andrew Huberman,https://www.youtube.com/watch?v=Jy4rJcYmtUM
K-TW2Chpz4k,Leverage Dopamine to Overcome Procrastination & Optimize Effort | Huberman Lab Podcast,Andrew Huberman,https://www.youtube.com/watch?v=K-TW2Chpz4k
K0hkhbGYaGQ,How to Best Guide Your Life Decisions & Path | Dr. Jordan Peterson,Andrew Huberman,https://www.youtube.com/watch?v=K0hkhbGYaGQ
K4Ze-Sp6aUE,"The Science of Eating for Health, Fat Loss & Lean Muscle | Dr. Layne Norton",Andrew Huberman,https://www.youtube.com/watch?v=K4Ze-Sp6aUE
K9lORz2_XSU,Tools to Reduce & Manage Pain | Dr. Sean Mackey,Andrew Huberman,https://www.youtube.com/watch?v=K9lORz2_XSU
KN1fmwF6a8o,Master Cortisol: Best Foods To Eat Now!,Healthy Immune Doc,https://www.youtube.com/watch?v=KN1fmwF6a8o
KPlJcD-o-4Q,The Science of Creativity & How to Enhance Creative Innovation | Huberman Lab Podcast 103,Andrew Huberman,https://www.youtube.com/watch?v=KPlJcD-o-4Q
KVjfFN89qvQ,The Science of Gratitude & How to Build a Gratitude Practice,Andrew Huberman,https://www.youtube.com/watch?v=KVjfFN89qvQ
Kq4CF3lm3vU,Can't Lose Weight? Intermittent Fasting: Top 10 Best Ways,Healthy Immune Doc,https://www.youtube.com/watch?v=Kq4CF3lm3vU
KuuoLT-fq4s,How to Achieve Inner Peace & Healing | Dr. Richard Schwartz,Andrew Huberman,https://www.youtube.com/watch?v=KuuoLT-fq4s
Kw5AWO4VDns,No More Cancer: Best & Worst Foods,Healthy Immune Doc,https://www.youtube.com/watch?v=Kw5AWO4VDns
Kw7JLHgOSbI,The Healthiest Chocolate. It's Not What You Think!,Healthy Immune Doc,https://www.youtube.com/watch?v=Kw7JLHgOSbI
L9FvRFCJNEs,No More Cancer: 10 Foods To Eat,Healthy Immune Doc,https://www.youtube.com/watch?v=L9FvRFCJNEs
LAwBdRR4wQk,ADHD & How Anyone Can Improve Their Focus | Huberman Lab Essentials,Andrew Huberman,https://www.youtube.com/watch?v=LAwBdRR4wQk
LRM5LutB538,"LIVE EVENT Q&A: Dr. Andrew Huberman Question & Answer in Chicago, IL",Andrew Huberman,https://www.youtube.com/watch?v=LRM5LutB538
LTGGyQS1fZE,Science-Based Tools for Increasing Happiness | Huberman Lab Podcast #98,Andrew Huberman,https://www.youtube.com/watch?v=LTGGyQS1fZE
LVxL_p_kToc,"The Neuroscience of Speech, Language & Music | Dr. Erich Jarvis",Andrew Huberman,https://www.youtube.com/watch?v=LVxL_p_kToc
LYYyQcAJZfk,Science-Supported Tools to Accelerate Your Fitness Goals,Andrew Huberman,https://www.youtube.com/watch?v=LYYyQcAJZfk
LpX5fmY0gaY,The Best Magnesium For Mitochondria.,Healthy Immune Doc,https://www.youtube.com/watch?v=LpX5fmY0gaY
M7sBw5VHPV4,Toxins In Your Home: 5 Surprising Toxins To Avoid In Foods,Healthy Immune Doc,https://www.youtube.com/watch?v=M7sBw5VHPV4
MaNaewZPiJg,Which Vitamins Are Best? It's Not What You Think!,Healthy Immune Doc,https://www.youtube.com/watch?v=MaNaewZPiJg
MgjxWcz3RBA,Blood Sugar:  The Shocking Truths Nobody Shares!,Healthy Immune Doc,https://www.youtube.com/watch?v=MgjxWcz3RBA
MlmFj1-mOtg,Enhance Your Learning Speed & Health Using Neuroscience Based Protocols | Dr. Poppy Crum,Andrew Huberman,https://www.youtube.com/watch?v=MlmFj1-mOtg
Mwz8JprPeMc,"How Smell, Taste & Pheromone-Like Chemicals Control You",Andrew Huberman,https://www.youtube.com/watch?v=Mwz8JprPeMc
N5DAW8mkJ6Y,How to Enhance Your Immune System | Dr. Roger Seheult,Andrew Huberman,https://www.youtube.com/watch?v=N5DAW8mkJ6Y
Nmh6doVlG5c,#1 Superfood to Stop Diabetes & Boost Health!,Healthy Immune Doc,https://www.youtube.com/watch?v=Nmh6doVlG5c
Nmo4bxfFzM0,How to Control Your Metabolism by Thyroid & Growth Hormone | Huberman Lab Essentials,Andrew Huberman,https://www.youtube.com/watch?v=Nmo4bxfFzM0
Nr5xb-QCBGA,Biology & Treatments for Compulsive Eating & Behaviors | Dr. Casey Halpern,Andrew Huberman,https://www.youtube.com/watch?v=Nr5xb-QCBGA
NtQ-kdLlQiU,Improve Focus with Behavioral Tools & Medication for ADHD | Dr. John Kruse,Andrew Huberman,https://www.youtube.com/watch?v=NtQ-kdLlQiU
NwyUyXfjX5c,Could You Have Gout? 10 Signs No One Talks About.,Healthy Immune Doc,https://www.youtube.com/watch?v=NwyUyXfjX5c
NzoiqtbEmOo,The Reasons behind Skin Changes (Heal Your Gut),Healthy Immune Doc,https://www.youtube.com/watch?v=NzoiqtbEmOo
O1YRwWmue4Y,How to Optimize Fertility in Males & Females,Andrew Huberman,https://www.youtube.com/watch?v=O1YRwWmue4Y
O2WxVgOziTA,#1 Berry Tea For Weight Loss And Health!,Healthy Immune Doc,https://www.youtube.com/watch?v=O2WxVgOziTA
O640yAgq5f8,Tools for Hormone Optimization in Males | Dr. Kyle Gillett,Andrew Huberman,https://www.youtube.com/watch?v=O640yAgq5f8
OLQRAMZi--c,How to Increase Motivation & Drive | Huberman Lab Essentials,Andrew Huberman,https://www.youtube.com/watch?v=OLQRAMZi--c
OadokY8fcAA,The Science & Treatment of Obsessive Compulsive Disorder (OCD) | Huberman Lab Podcast #78,Andrew Huberman,https://www.youtube.com/watch?v=OadokY8fcAA
ObtW353d5i0,"The Science of Vision, Eye Health & Seeing Better",Andrew Huberman,https://www.youtube.com/watch?v=ObtW353d5i0
Og56hmAspV8,How to Control Your Inner Voice & Increase Your Resilience | Dr. Ethan Kross,Andrew Huberman,https://www.youtube.com/watch?v=Og56hmAspV8
On4um3497To,No More Dementia: Superfood To Eat Now!,Healthy Immune Doc,https://www.youtube.com/watch?v=On4um3497To
Op4RpRMLYq0,The Best Ways To Pick Quality Supplements Revealed!,Healthy Immune Doc,https://www.youtube.com/watch?v=Op4RpRMLYq0
OvHbhzArbfE,Essentials: Psychedelics for Treating Mental Disorders | Dr. Matthew Johnson,Andrew Huberman,https://www.youtube.com/watch?v=OvHbhzArbfE
OywM1-jWlTk,Longevity: 5 Things You Absolutely Need To Avoid!,Healthy Immune Doc,https://www.youtube.com/watch?v=OywM1-jWlTk
PLyil9cHrV8,Top 10 Ways For Healthy Hair Growth - Must Know!,Healthy Immune Doc,https://www.youtube.com/watch?v=PLyil9cHrV8
PVmQOLYckKQ,Protocols to Strengthen & Pain Proof Your Back,Andrew Huberman,https://www.youtube.com/watch?v=PVmQOLYckKQ
PctD-ki8dCc,Using Hypnosis to Enhance Health & Performance | Dr. David Spiegel,Andrew Huberman,https://www.youtube.com/watch?v=PctD-ki8dCc
Phm-Alz1Zjo,How to Achieve True Happiness Using Science-Based Protocols | Dr. Laurie Santos,Andrew Huberman,https://www.youtube.com/watch?v=Phm-Alz1Zjo
PlQXV2BnYXc,No More Cancer:  Immune Boosting Foods To Eat Now!,Healthy Immune Doc,https://www.youtube.com/watch?v=PlQXV2BnYXc
Pmd6knanPKw,"Maximize Productivity, Physical & Mental Health With Daily Tools | Huberman Lab Essentials",Andrew Huberman,https://www.youtube.com/watch?v=Pmd6knanPKw
PwYECmzpdps,No More Cancer: Killer Phytate Foods To Eat Now!,Healthy Immune Doc,https://www.youtube.com/watch?v=PwYECmzpdps
Q4qWzbP0q7I,How Foods & Nutrients Control Our Moods | Huberman Lab Essentials,Andrew Huberman,https://www.youtube.com/watch?v=Q4qWzbP0q7I
Q9-0e5ONhqI,The #1 Best Protein. It’s Not What You Think.,Healthy Immune Doc,https://www.youtube.com/watch?v=Q9-0e5ONhqI
QYAgf_lfio4,Using Your Mind to Control Your Physical Health & Longevity | Dr. Ellen Langer,Andrew Huberman,https://www.youtube.com/watch?v=QYAgf_lfio4
QZ_HHik_QyM,10 Superfoods To Crush Inflammation! Must Eat Daily,Healthy Immune Doc,https://www.youtube.com/watch?v=QZ_HHik_QyM
QmOF0crdyRU,"Controlling Your Dopamine For Motivation, Focus & Satisfaction",Andrew Huberman,https://www.youtube.com/watch?v=QmOF0crdyRU
RBK5KLA5Jjg,Understanding & Controlling Aggression | Huberman Lab Podcast #71,Andrew Huberman,https://www.youtube.com/watch?v=RBK5KLA5Jjg
RI112zW8GDw,How Your Brain’s Reward Circuits Drive Your Choices | Dr. Robert Malenka,Andrew Huberman,https://www.youtube.com/watch?v=RI112zW8GDw
RSnol_TVrzQ,Essentials: Understanding & Healing the Mind | Dr. Karl Deisseroth,Andrew Huberman,https://www.youtube.com/watch?v=RSnol_TVrzQ
RabfPr3Bd_Y,Can't Lose Weight? 10 Snacks to Burn Fat TODAY,Healthy Immune Doc,https://www.youtube.com/watch?v=RabfPr3Bd_Y
RgAcOqVRfYA,"Science of Social Bonding in Family, Friendship & Romantic Love",Andrew Huberman,https://www.youtube.com/watch?v=RgAcOqVRfYA
Rxmv7rT9leo,"Ketamine: Benefits and Risks for Depression, PTSD & Neuroplasticity | Huberman Lab Podcast",Andrew Huberman,https://www.youtube.com/watch?v=Rxmv7rT9leo
S3u1cj__ZgM,Can't Lose Weight? Top 10 Fat Burning Foods To Eat,Healthy Immune Doc,https://www.youtube.com/watch?v=S3u1cj__ZgM
S8jWFcDGz4Y,How Emotions & Social Factors Impact Learning | Dr. Mary Helen Immordino-Yang,Andrew Huberman,https://www.youtube.com/watch?v=S8jWFcDGz4Y
S8nPJU9xkNw,"AMA #4: Maintain Motivation, Improve REM Sleep, Set Goals, Manage Anxiety & More",Andrew Huberman,https://www.youtube.com/watch?v=S8nPJU9xkNw
SCzecagKBjY,"Essentials: Machines, Creativity & Love | Dr. Lex Fridman",Andrew Huberman,https://www.youtube.com/watch?v=SCzecagKBjY
SWyAhSBoO4k,No More Dementia: Are You Happy?,Healthy Immune Doc,https://www.youtube.com/watch?v=SWyAhSBoO4k
SZSRgyl7pyQ,The Science of Your Gut Sense & the Gut-Brain Axis | Dr. Diego Bohórquez,Andrew Huberman,https://www.youtube.com/watch?v=SZSRgyl7pyQ
SZrt-mNaQhQ,Lower High Cholesterol? The Truth,Healthy Immune Doc,https://www.youtube.com/watch?v=SZrt-mNaQhQ
S_SrHS8FvMM,Dr. Matt Walker: Improve Sleep to Boost Mood & Emotional Regulation | Huberman Lab Guest Series,Andrew Huberman,https://www.youtube.com/watch?v=S_SrHS8FvMM
ScT_PpbBzyw,Doctor Reacts: Viral High Protein Meal!,Healthy Immune Doc,https://www.youtube.com/watch?v=ScT_PpbBzyw
SigXgMTRZeA,Boosting Immunity: My Top 10 Must Eats,Healthy Immune Doc,https://www.youtube.com/watch?v=SigXgMTRZeA
SjPJn4QP0dk,Control Pain & Heal Faster With Your Brain | Huberman Lab Essentials,Andrew Huberman,https://www.youtube.com/watch?v=SjPJn4QP0dk
SrUqI2KUyfE,Ketones Tracker For Better Weight Loss!,Healthy Immune Doc,https://www.youtube.com/watch?v=SrUqI2KUyfE
SsKkZTjUJEk,How to Grow From Doing Hard Things | Michael Easter,Andrew Huberman,https://www.youtube.com/watch?v=SsKkZTjUJEk
SuR0DaYoe0Y,How to Deal With High Conflict People | Bill Eddy,Andrew Huberman,https://www.youtube.com/watch?v=SuR0DaYoe0Y
SyEE13G9SKk,#1 Chocolate That Actually Helps Lower Blood Sugar!,Healthy Immune Doc,https://www.youtube.com/watch?v=SyEE13G9SKk
SyWC8ZFVxGo,How to Find Your True Purpose & Create Your Best Life | Dr. James Hollis,Andrew Huberman,https://www.youtube.com/watch?v=SyWC8ZFVxGo
T65RDBiB5Hs,Optimize & Control Your Brain Chemistry to Improve Health & Performance | Huberman Lab Podcast #80,Andrew Huberman,https://www.youtube.com/watch?v=T65RDBiB5Hs
T7BQT8FHHQM,Top 10 Ways To Grow Hair That You Must Know!,Healthy Immune Doc,https://www.youtube.com/watch?v=T7BQT8FHHQM
TG8VM5-CTfw,Journal Club with Dr. Peter Attia | Effects of Light & Dark on Mental Health & Treatments for Cancer,Andrew Huberman,https://www.youtube.com/watch?v=TG8VM5-CTfw
TNBvFUdd0Bk,Can't Lose Weight? Supercharge This Metabolic Organ!,Healthy Immune Doc,https://www.youtube.com/watch?v=TNBvFUdd0Bk
TO0WUTq5zYI,"LIVE EVENT Q&A: Dr. Andrew Huberman Question & Answer in Los Angeles, CA",Andrew Huberman,https://www.youtube.com/watch?v=TO0WUTq5zYI
TPmTddEcwkw,Reduce Inflammation: Top 10 Vegetables vs FODMAP Foods,Healthy Immune Doc,https://www.youtube.com/watch?v=TPmTddEcwkw
TmIhRDFQXBk,Fatty Liver: Top 10 Ways To Crush Metabolic Syndrome,Healthy Immune Doc,https://www.youtube.com/watch?v=TmIhRDFQXBk
Tt6xrsuBS30,Is Your Medication Increasing Your Cancer Risk?,Healthy Immune Doc,https://www.youtube.com/watch?v=Tt6xrsuBS30
TxYcWdf0b_s,Can't Lose Weight? eat Mitochondria-Boosting Foods!,Healthy Immune Doc,https://www.youtube.com/watch?v=TxYcWdf0b_s
U2BPitASUh0,"How to Cultivate a Positive, Growth-Oriented Mindset | Dr. Jamil Zaki",Andrew Huberman,https://www.youtube.com/watch?v=U2BPitASUh0
U3cSnzdyyXU,"How to Increase Your Speed, Mobility & Longevity with Plyometrics & Sprinting | Stuart McMillan",Andrew Huberman,https://www.youtube.com/watch?v=U3cSnzdyyXU
UChhXiFPRgg,The Biology of Taste Perception & Sugar Craving | Dr. Charles Zuker,Andrew Huberman,https://www.youtube.com/watch?v=UChhXiFPRgg
UEs7QMEAEL0,No More Dementia! Curable Microbiome Causes,Healthy Immune Doc,https://www.youtube.com/watch?v=UEs7QMEAEL0
UF0nqolsNZc,"Using Light (Sunlight, Blue Light & Red Light) to Optimize Health | Huberman Lab Podcast #68",Andrew Huberman,https://www.youtube.com/watch?v=UF0nqolsNZc
UIy-WQCZd4M,Dr. Andy Galpin: Optimize Your Training Program for Fitness & Longevity | Huberman Lab Guest Series,Andrew Huberman,https://www.youtube.com/watch?v=UIy-WQCZd4M
UNCwdFxPtE8,Optimize Your Exercise Program with Science-Based Tools | Jeff Cavaliere,Andrew Huberman,https://www.youtube.com/watch?v=UNCwdFxPtE8
UoBbWGVxqwU,What if you take Vinegar at Night?,Healthy Immune Doc,https://www.youtube.com/watch?v=UoBbWGVxqwU
UyneMnERmnI,How to Improve Your Vitality & Heal From Disease | Dr. Mark Hyman,Andrew Huberman,https://www.youtube.com/watch?v=UyneMnERmnI
V0Sdgn0_kFM,The Biology of Social Interactions & Emotions | Dr. Kay Tye,Andrew Huberman,https://www.youtube.com/watch?v=V0Sdgn0_kFM
V6lBgOXV6pE,Crush Inflammation! Amazing Benefits of Polyphenols,Healthy Immune Doc,https://www.youtube.com/watch?v=V6lBgOXV6pE
VAEzZeaV5zM,Controlling Sugar Cravings & Metabolism with Science-Based Tools | Huberman Lab Podcast #64,Andrew Huberman,https://www.youtube.com/watch?v=VAEzZeaV5zM
VOfwbcveP84,"Harnessing Passion, Drive & Persistence for Lifelong Success | Tony Hawk",Andrew Huberman,https://www.youtube.com/watch?v=VOfwbcveP84
VQLU7gpk_X8,How to Build Endurance in Your Brain & Body,Andrew Huberman,https://www.youtube.com/watch?v=VQLU7gpk_X8
VRvn3Oj5r3E,"Machines, Creativity & Love | Dr. Lex Fridman",Andrew Huberman,https://www.youtube.com/watch?v=VRvn3Oj5r3E
VZPe_FYO8EU,Top 10 Superfoods to Crush Inflammation!,Healthy Immune Doc,https://www.youtube.com/watch?v=VZPe_FYO8EU
VnEy78RL2YY,How to Learn Skills Faster | Huberman Lab Essentials,Andrew Huberman,https://www.youtube.com/watch?v=VnEy78RL2YY
VpQUOBzB_sw,Top 10 Ways To Keep Weight Off For Good Naturally,Healthy Immune Doc,https://www.youtube.com/watch?v=VpQUOBzB_sw
VqiPNN4Jblk,Essentials: How Humans Select & Keep Romantic Partners in the Short & Long Term | Dr. David Buss,Andrew Huberman,https://www.youtube.com/watch?v=VqiPNN4Jblk
Vw7aa-grqsQ,Can't Lose Weight? 10 Willpower-Free Must Do's.,Healthy Immune Doc,https://www.youtube.com/watch?v=Vw7aa-grqsQ
WA0ROhEFuf8,Can't Lose Weight? 10 Protein Rich Foods To Eat Daily.,Healthy Immune Doc,https://www.youtube.com/watch?v=WA0ROhEFuf8
WFcYF_pxLgA,How to Exercise & Eat for Optimal Health & Longevity | Dr. Gabrielle Lyon,Andrew Huberman,https://www.youtube.com/watch?v=WFcYF_pxLgA
WPNXVbJgL4I,The #1 Best Natural Foods to Clean Out Arteries,Healthy Immune Doc,https://www.youtube.com/watch?v=WPNXVbJgL4I
WWsTziLa0iw,No More Dementia: How To Boost Your Brain,Healthy Immune Doc,https://www.youtube.com/watch?v=WWsTziLa0iw
Wcs2PFz5q6g,The Science of Making & Breaking Habits,Andrew Huberman,https://www.youtube.com/watch?v=Wcs2PFz5q6g
Whe2Jh9q6jI,Science & Health Benefits of Belief in God & Religion | Dr. David DeSteno,Andrew Huberman,https://www.youtube.com/watch?v=Whe2Jh9q6jI
Wmpb0JffgOw,Top 10 Immune Boosting Foods For Smoothies.,Healthy Immune Doc,https://www.youtube.com/watch?v=Wmpb0JffgOw
WqPbJPj9OPM,Can't Lose Weight? Top 10 Sugar Reducing Foods To Eat Daily,Healthy Immune Doc,https://www.youtube.com/watch?v=WqPbJPj9OPM
WwRc2SEo-VI,How to Make Yourself Unbreakable | DJ Shipley,Andrew Huberman,https://www.youtube.com/watch?v=WwRc2SEo-VI
WxtxzRdJFTI,"Essentials: Science of Stress, Testosterone, Aggression & Motivation | Dr. Robert Sapolsky",Andrew Huberman,https://www.youtube.com/watch?v=WxtxzRdJFTI
Wy1Wh2ygSfk,Beautiful Skin: Top 10 Foods You Must Eat!,Healthy Immune Doc,https://www.youtube.com/watch?v=Wy1Wh2ygSfk
X3CNdv6MNH0,What if you take Magnesium at Night?,Healthy Immune Doc,https://www.youtube.com/watch?v=X3CNdv6MNH0
X4QE6t-MkYE,Psychedelics & Neurostimulation for Brain Rewiring | Dr. Nolan Williams,Andrew Huberman,https://www.youtube.com/watch?v=X4QE6t-MkYE
X8Hw8zeCDTA,How to Shape Your Identity & Goals | Dr. Maya Shankar,Andrew Huberman,https://www.youtube.com/watch?v=X8Hw8zeCDTA
XHOHpbqtigk,The Healthiest Bread! It's Not What You Think!,Healthy Immune Doc,https://www.youtube.com/watch?v=XHOHpbqtigk
XLr2RKoD-oY,"Science of Muscle Growth, Increasing Strength & Muscular Recovery",Andrew Huberman,https://www.youtube.com/watch?v=XLr2RKoD-oY
XT_6Lvkhxvo,Protocols for Excellent Parenting & Improving Relationships of All Kinds | Dr. Becky Kennedy,Andrew Huberman,https://www.youtube.com/watch?v=XT_6Lvkhxvo
XcvhERcZpWw,Micronutrients for Health & Longevity | Dr. Rhonda Patrick,Andrew Huberman,https://www.youtube.com/watch?v=XcvhERcZpWw
XeN6eGO6FVQ,"Controlling Your Dopamine for Motivation, Focus & Satisfaction | Huberman Lab Essentials",Andrew Huberman,https://www.youtube.com/watch?v=XeN6eGO6FVQ
XfCsmtfIjqI,No More Dementia: Cholesterol Benefits,Healthy Immune Doc,https://www.youtube.com/watch?v=XfCsmtfIjqI
XfWOQ2QKFe0,Top 10 Foods: Cancer Fighting Diet,Healthy Immune Doc,https://www.youtube.com/watch?v=XfWOQ2QKFe0
XfbP7uJElgY,Lower & Reverse Cholesterol Without Drugs,Healthy Immune Doc,https://www.youtube.com/watch?v=XfbP7uJElgY
Xu1FMCxoEFc,Understanding & Conquering Depression,Andrew Huberman,https://www.youtube.com/watch?v=Xu1FMCxoEFc
XuOSX7ncFTc,Best Vitamin D Supplement! It's Not What You Think!,Healthy Immune Doc,https://www.youtube.com/watch?v=XuOSX7ncFTc
YGrjqd3LOKg,No More Bad Cholesterol. Top 10 Foods That Work!,Healthy Immune Doc,https://www.youtube.com/watch?v=YGrjqd3LOKg
YQrgViworao,Mold: 5 Toxic Signs You Need To Know,Healthy Immune Doc,https://www.youtube.com/watch?v=YQrgViworao
YjGlhXxLUOA,#1 Potato For Ultimate Longevity Now!,Healthy Immune Doc,https://www.youtube.com/watch?v=YjGlhXxLUOA
Z-eC5-pVCKM,The healthiest SALT. It’s not what you think.,Healthy Immune Doc,https://www.youtube.com/watch?v=Z-eC5-pVCKM
Z3OpxT65fKw,"How to Build Strength, Endurance & Flexibility at Any Age | Pavel Tsatsouline",Andrew Huberman,https://www.youtube.com/watch?v=Z3OpxT65fKw
Z7MU6zrAXsM,The Science of Learning & Speaking Languages | Dr. Eddie Chang,Andrew Huberman,https://www.youtube.com/watch?v=Z7MU6zrAXsM
ZAjpRJYZa5I,"Easy Dieting: Weight Loss Drugs, Ozempic: Benefits & Risks",Healthy Immune Doc,https://www.youtube.com/watch?v=ZAjpRJYZa5I
ZZbT-XiGWZk,No More Cancer: Natural Foods To Eat Now!,Healthy Immune Doc,https://www.youtube.com/watch?v=ZZbT-XiGWZk
Ze2pc6NwsHQ,"Optimizing Workspace for Productivity, Focus, & Creativity",Andrew Huberman,https://www.youtube.com/watch?v=Ze2pc6NwsHQ
Zhcxp45w38M,Top 10 Immune-Boosting Foods! Must Eat!,Healthy Immune Doc,https://www.youtube.com/watch?v=Zhcxp45w38M
ZuGoSPLo1mw,Replacing Sugar: Top 10 Anti-Inflammatory Foods!,Healthy Immune Doc,https://www.youtube.com/watch?v=ZuGoSPLo1mw
_03Cw9LejY4,10 Foods Better Than Sunscreen.,Healthy Immune Doc,https://www.youtube.com/watch?v=_03Cw9LejY4
_8y7vBhXaNo,Top 10 Protein Foods you Need.,Healthy Immune Doc,https://www.youtube.com/watch?v=_8y7vBhXaNo
_Hz111Be5Lc,Must Eat Giant Fruits For Anti-Aging!,Healthy Immune Doc,https://www.youtube.com/watch?v=_Hz111Be5Lc
__RAXBLt1iM,"How to Become Resilient, Forge Your Identity & Lead Others | Jocko Willink",Andrew Huberman,https://www.youtube.com/watch?v=__RAXBLt1iM
_eDg9yOvvrQ,"How Smell, Taste & Pheromones Shape Behavior | Huberman Lab Essentials",Andrew Huberman,https://www.youtube.com/watch?v=_eDg9yOvvrQ
_ltcLEM-5HU,How to Improve Your Eye Health & Offset Vision Loss | Dr. Jeffrey Goldberg,Andrew Huberman,https://www.youtube.com/watch?v=_ltcLEM-5HU
_oOEKKiwdDE,How to Improve Your Teeth & Oral Microbiome for Brain & Body Health | Dr. Staci Whitman,Andrew Huberman,https://www.youtube.com/watch?v=_oOEKKiwdDE
_wCtPZ1bK9Y,Which Rice Is The Healthiest? It's Not What You Think.,Healthy Immune Doc,https://www.youtube.com/watch?v=_wCtPZ1bK9Y
a0Uoo5dPwXg,10 Superfoods To Crush Inflammation! Must Eat Now!,Healthy Immune Doc,https://www.youtube.com/watch?v=a0Uoo5dPwXg
a9yFKPmPZ90,The Science & Practice of Movement | Ido Portal,Andrew Huberman,https://www.youtube.com/watch?v=a9yFKPmPZ90
aQDOU3hPci0,How to Enhance Performance & Learning by Applying a Growth Mindset,Andrew Huberman,https://www.youtube.com/watch?v=aQDOU3hPci0
aWTQlozUxFY,The BEST Calcium. It's NOT what you Think.,Healthy Immune Doc,https://www.youtube.com/watch?v=aWTQlozUxFY
aXvDEmo6uS4,"Maximizing Productivity, Physical & Mental Health with Daily Tools",Andrew Huberman,https://www.youtube.com/watch?v=aXvDEmo6uS4
aZklQpFa2kE,Essentials: Increase Strength & Endurance with Cooling Protocols | Dr. Craig Heller,Andrew Huberman,https://www.youtube.com/watch?v=aZklQpFa2kE
aZpTTgP2WeU,"Quit Sugar! #1 Best Sugar Substitute, Unbelievable!",Healthy Immune Doc,https://www.youtube.com/watch?v=aZpTTgP2WeU
acgz0C-z-gc,Overcoming Physical & Emotional Challenges | Coleman Ruiz,Andrew Huberman,https://www.youtube.com/watch?v=acgz0C-z-gc
ajneRM-ET1Q,"How to Find, Build & Maintain Healthy Romantic Relationships | Esther Perel",Andrew Huberman,https://www.youtube.com/watch?v=ajneRM-ET1Q
alVWRl_X_AA,Essentials: Science of Mindsets for Health & Performance | Dr. Alia Crum,Andrew Huberman,https://www.youtube.com/watch?v=alVWRl_X_AA
andtS1XRk3Y,No More Diabetes: Food for Insulin Resistance,Healthy Immune Doc,https://www.youtube.com/watch?v=andtS1XRk3Y
at37Y8rKDlA,How to Optimize Your Water Quality & Intake for Health,Andrew Huberman,https://www.youtube.com/watch?v=at37Y8rKDlA
azb3Ih68awQ,Using Salt to Optimize Mental & Physical Performance | Huberman Lab Podcast #63,Andrew Huberman,https://www.youtube.com/watch?v=azb3Ih68awQ
bAWUYuygS_U,How to Make Better Decisions | Dr. Michael Platt,Andrew Huberman,https://www.youtube.com/watch?v=bAWUYuygS_U
bBlWC5NwWWI,Can't Lose Weight: Burn Belly Fat!,Healthy Immune Doc,https://www.youtube.com/watch?v=bBlWC5NwWWI
beR_tBdcYEw,Which Is The Healthiest Bread? It's Not What You Think.,Healthy Immune Doc,https://www.youtube.com/watch?v=beR_tBdcYEw
bjZn8Fbeyao,The Secret To Keeping Mosquitoes Away & Avoiding Bites,Healthy Immune Doc,https://www.youtube.com/watch?v=bjZn8Fbeyao
bxDZkEcZw4o,Can't Lose Weight? Avoid These Top 10 Worst Foods.,Healthy Immune Doc,https://www.youtube.com/watch?v=bxDZkEcZw4o
c9JmHOUp6VU,"How to Control Hunger, Eating & Satiety | Huberman Lab Essentials",Andrew Huberman,https://www.youtube.com/watch?v=c9JmHOUp6VU
cIla9axQRyM,Food & Supplements for Brain Health & Cognitive Performance | Huberman Lab Essentials,Andrew Huberman,https://www.youtube.com/watch?v=cIla9axQRyM
cP8extcXzWE,Never Sick! Top 10 Immune Boosting Foods To Eat!,Healthy Immune Doc,https://www.youtube.com/watch?v=cP8extcXzWE
cS7cNaBrkxo,"How Smells Influence Our Hormones, Health & Behavior | Dr. Noam Sobel",Andrew Huberman,https://www.youtube.com/watch?v=cS7cNaBrkxo
cc1ha-ciXEs,Stop Hair Loss! Best Foods & Hidden Health Clues!,Healthy Immune Doc,https://www.youtube.com/watch?v=cc1ha-ciXEs
ccrbE0QHy94,The Causes & Treatments for Autism | Dr. Karen Parker,Andrew Huberman,https://www.youtube.com/watch?v=ccrbE0QHy94
cfolOLULke0,"Top 10 Best Fiber ""Supplements"" To Eat Now!",Healthy Immune Doc,https://www.youtube.com/watch?v=cfolOLULke0
cjAvD-U5so0,Transform Your Metabolic Health & Longevity by Knowing Your Unique Biology | Dr. Michael Snyder,Andrew Huberman,https://www.youtube.com/watch?v=cjAvD-U5so0
cp9GXl9Qk_s,"AMA #5: Intrusive Thoughts, CGMs, Behavioral Change, Naps & NSDR",Andrew Huberman,https://www.youtube.com/watch?v=cp9GXl9Qk_s
csubiPlvFWk,How Smartphones & Social Media Impact Mental Health & the Realistic Solutions | Dr. Jonathan Haidt,Andrew Huberman,https://www.youtube.com/watch?v=csubiPlvFWk
ctDwCVgIUag,Sweet Tooth Fix: Top 10 Healthy Guilt-Free Foods,Healthy Immune Doc,https://www.youtube.com/watch?v=ctDwCVgIUag
cwakOgHIT0E,How to Increase Your Willpower & Tenacity | Huberman Lab Podcast,Andrew Huberman,https://www.youtube.com/watch?v=cwakOgHIT0E
dFR_wFN23ZY,Science of Mindsets for Health & Performance | Dr. Alia Crum,Andrew Huberman,https://www.youtube.com/watch?v=dFR_wFN23ZY
dLmf3eQh5Uk,Top 10 Immunity Boosters Revealed!,Healthy Immune Doc,https://www.youtube.com/watch?v=dLmf3eQh5Uk
dOwD_3fYyEo,Top 10 Anti-Aging Foods For Your Skin,Healthy Immune Doc,https://www.youtube.com/watch?v=dOwD_3fYyEo
dcIQ9bN48X8,Candida: Top 10 Foods To Rid Overgrowth!,Healthy Immune Doc,https://www.youtube.com/watch?v=dcIQ9bN48X8
ddq8JIMhz7c,Optimal Protocols for Studying & Learning,Andrew Huberman,https://www.youtube.com/watch?v=ddq8JIMhz7c
dicP_kA-RA0,"AMA #7: Cold Exposure, Maximizing REM Sleep & My Next Scientific Studies",Andrew Huberman,https://www.youtube.com/watch?v=dicP_kA-RA0
doupx8SAs5Y,How to Learn Better & Create Your Best Future | Tim Ferriss,Andrew Huberman,https://www.youtube.com/watch?v=doupx8SAs5Y
dy_iLCJggO0,Essentials: How to Exercise for Strength Gains & Hormone Optimization | Dr. Duncan French,Andrew Huberman,https://www.youtube.com/watch?v=dy_iLCJggO0
dzOvi0Aa2EA,The Science & Process of Healing From Grief,Andrew Huberman,https://www.youtube.com/watch?v=dzOvi0Aa2EA
eC9fiJBdMG0,"LIVE EVENT Q&A: Dr. Andrew Huberman Question & Answer in Toronto, ON",Andrew Huberman,https://www.youtube.com/watch?v=eC9fiJBdMG0
eIxVfln02Ss,"How Psilocybin Can Rewire Our Brain, Its Therapeutic Benefits & Its Risks | Huberman Lab Podcast",Andrew Huberman,https://www.youtube.com/watch?v=eIxVfln02Ss
eJU6Df_ffAE,"AMA #10: Benefits of Nature & “Grounding,"" Hearing Loss Research & Avoiding Altitude Sickness",Andrew Huberman,https://www.youtube.com/watch?v=eJU6Df_ffAE
eMqWH3LYiII,Dr. Paul Conti: How to Build and Maintain Healthy Relationships | Huberman Lab Guest Series,Andrew Huberman,https://www.youtube.com/watch?v=eMqWH3LYiII
eVOgq4tvC6k,Weight Loss: 10 Ways To Beat Diet Failure,Healthy Immune Doc,https://www.youtube.com/watch?v=eVOgq4tvC6k
etEJrznE-c0,How to Master Growth Mindset to Improve Performance | Dr. David Yeager,Andrew Huberman,https://www.youtube.com/watch?v=etEJrznE-c0
etbfLTHD_VU,How to Improve at Learning Using Neuroscience & AI | Dr. Terry Sejnowski,Andrew Huberman,https://www.youtube.com/watch?v=etbfLTHD_VU
ewnvjnuFTOY,"How Nature & Other Physical Environments Impact Your Focus, Cognition & Health | Dr. Marc Berman",Andrew Huberman,https://www.youtube.com/watch?v=ewnvjnuFTOY
f4cdu-QiKHo,Lose Fat With Science-Based Tools | Huberman Lab Essentials,Andrew Huberman,https://www.youtube.com/watch?v=f4cdu-QiKHo
f6-hDJsACHY,No More Diabetes: Best Foods For Insulin Resistance,Healthy Immune Doc,https://www.youtube.com/watch?v=f6-hDJsACHY
fCg06P_Q_Eo,The Benefits Of Elderberries: Are You Missing Out?,Healthy Immune Doc,https://www.youtube.com/watch?v=fCg06P_Q_Eo
fN7OOlTUy2s,No More Diabetes: #1 Absolute Best Foods,Healthy Immune Doc,https://www.youtube.com/watch?v=fN7OOlTUy2s
fSBgDq2ttCw,How Hearing & Balance Enhance Focus & Learning | Huberman Lab Essentials,Andrew Huberman,https://www.youtube.com/watch?v=fSBgDq2ttCw
fcxjwA4C4Cw,The Science of Psychedelics for Mental Health | Dr. Robin Carhart-Harris,Andrew Huberman,https://www.youtube.com/watch?v=fcxjwA4C4Cw
feaMB9pvCKY,Which Coffee Is The Healthiest? It's Not What You Think.,Healthy Immune Doc,https://www.youtube.com/watch?v=feaMB9pvCKY
fmrBnyClIOs,Which Pasta is the Healthiest? It's not what you think.,Healthy Immune Doc,https://www.youtube.com/watch?v=fmrBnyClIOs
fnpZYdr0x5A,This is what Phones are doing to Your Body,Healthy Immune Doc,https://www.youtube.com/watch?v=fnpZYdr0x5A
frTycKSyZz8,How I Stay Strong: Top 10 Immune Boosting Foods,Healthy Immune Doc,https://www.youtube.com/watch?v=frTycKSyZz8
g-3hoLSmXvc,Superfoods: Natural Viagra You Need to Know!,Healthy Immune Doc,https://www.youtube.com/watch?v=g-3hoLSmXvc
g-9OLpOst8M,The Healthiest Sweetener.  It's Not What You Think.,Healthy Immune Doc,https://www.youtube.com/watch?v=g-9OLpOst8M
g-gxybQnsfk,#1 Superfood to Defeat Sugar? Find Out!,Healthy Immune Doc,https://www.youtube.com/watch?v=g-gxybQnsfk
g4cEnKsXkSY,Immunity & Vitamin D: Are You Unaware & Missing Out?,Healthy Immune Doc,https://www.youtube.com/watch?v=g4cEnKsXkSY
gBKjf0Ez5uU,No More Cancer: Melatonin Rich Foods To Eat Now!,Healthy Immune Doc,https://www.youtube.com/watch?v=gBKjf0Ez5uU
gE0_8AjTFaM,"AMA #16: Sleep, Vertigo, TBI, OCD, Tips for Travelers, Gut-Brain Axis & More",Andrew Huberman,https://www.youtube.com/watch?v=gE0_8AjTFaM
gMRph_BvHB4,"The Science of Love, Desire and Attachment",Andrew Huberman,https://www.youtube.com/watch?v=gMRph_BvHB4
gMvzBP3kioU,What if you Eat only 1 Meal at Night?,Healthy Immune Doc,https://www.youtube.com/watch?v=gMvzBP3kioU
gSm5cnDIz_I,The Safest Sunscreens: What Labels Don’t tell.,Healthy Immune Doc,https://www.youtube.com/watch?v=gSm5cnDIz_I
gXvuJu1kt48,The Effects of Cannabis (Marijuana) on the Brain & Body | Huberman Lab Podcast #92,Andrew Huberman,https://www.youtube.com/watch?v=gXvuJu1kt48
gbQFSMayJxk,The Science & Practice of Perfecting Your Sleep | Dr. Matt Walker,Andrew Huberman,https://www.youtube.com/watch?v=gbQFSMayJxk
gdUNjPijwA8,,,https://www.youtube.com/watch?v=gdUNjPijwA8
gp7lqCVxzD8,,,https://www.youtube.com/watch?v=gp7lqCVxzD8
gp8BZdTFUK0,No More Cancer: Top 10 Things To do.,Healthy Immune Doc,https://www.youtube.com/watch?v=gp8BZdTFUK0
gveDhZW-rUk,,,https://www.youtube.com/watch?v=gveDhZW-rUk
gyE6Z4GLEeM,"Health Effects & Risks of Kratom, Opioids & Other Natural Occurring Medicines | Dr. Chris McCurdy",Andrew Huberman,https://www.youtube.com/watch?v=gyE6Z4GLEeM
h2aWYjSA1Jc,,,https://www.youtube.com/watch?v=h2aWYjSA1Jc
h3mKREqXsc4,,,https://www.youtube.com/watch?v=h3mKREqXsc4
h5SUt_4WWPU,,,https://www.youtube.com/watch?v=h5SUt_4WWPU
h5cJRgQz5IU,Here's How To Protect Your Memory!,Healthy Immune Doc,https://www.youtube.com/watch?v=h5cJRgQz5IU
hCrvZ3dvtgo,,,https://www.youtube.com/watch?v=hCrvZ3dvtgo
hCyvqRq5YmM,Transform Your Mental Health With Diet & Lifestyle | Dr. Chris Palmer,Andrew Huberman,https://www.youtube.com/watch?v=hCyvqRq5YmM
hF32FvBH4gI,,,https://www.youtube.com/watch?v=hF32FvBH4gI
hFL6qRIJZ_Y,,,https://www.youtube.com/watch?v=hFL6qRIJZ_Y
hXZcu7U8l14,5 Symptoms to Never Ignore In Your Abdomen,Healthy Immune Doc,https://www.youtube.com/watch?v=hXZcu7U8l14
h_1zlead9ZU,How to Lose Fat & Gain Muscle With Nutrition | Alan Aragon,Andrew Huberman,https://www.youtube.com/watch?v=h_1zlead9ZU
hmhM2ZiHjGY,,,https://www.youtube.com/watch?v=hmhM2ZiHjGY
hvPGfcAgk9Y,,,https://www.youtube.com/watch?v=hvPGfcAgk9Y
i0hsL-76nAE,The Reasons behind Wrinkles (and What to Do),Healthy Immune Doc,https://www.youtube.com/watch?v=i0hsL-76nAE
i4gvIeA3RcI,,,https://www.youtube.com/watch?v=i4gvIeA3RcI
i5611OvTFGM,How to Safeguard Your Hormone Health & Fertility | Dr. Shanna Swan,Andrew Huberman,https://www.youtube.com/watch?v=i5611OvTFGM
i94BEMqQOjM,What if you eat an Apple a day?,Healthy Immune Doc,https://www.youtube.com/watch?v=i94BEMqQOjM
iMR_7xlgpJY,,,https://www.youtube.com/watch?v=iMR_7xlgpJY
iMvtHqLmEkI,How to Exercise for Strength Gains & Hormone Optimization | Dr. Duncan French,Andrew Huberman,https://www.youtube.com/watch?v=iMvtHqLmEkI
iRPjED72MJQ,Which Bread Is The Healthiest? You Won't Believe It!,Healthy Immune Doc,https://www.youtube.com/watch?v=iRPjED72MJQ
ietJx5-N8Ao,Protect Your Brain: Conquer Blood Pressure!,Healthy Immune Doc,https://www.youtube.com/watch?v=ietJx5-N8Ao
ijdpvG24IkE,,,https://www.youtube.com/watch?v=ijdpvG24IkE
inUkNZe5H3k,,,https://www.youtube.com/watch?v=inUkNZe5H3k
iw97uvIge7c,,,https://www.youtube.com/watch?v=iw97uvIge7c
ixMaNF8AjjA,,,https://www.youtube.com/watch?v=ixMaNF8AjjA
j2sMqSDLd4k,AMA #15: Fluoride Benefits/Risks & Vagus Nerve Stimulation,Andrew Huberman,https://www.youtube.com/watch?v=j2sMqSDLd4k
jC8Pu9HBd48,How to Improve Memory & Focus Using Science Protocols | Dr. Charan Ranganath,Andrew Huberman,https://www.youtube.com/watch?v=jC8Pu9HBd48
jGZ1mR9uLU0,,,https://www.youtube.com/watch?v=jGZ1mR9uLU0
jRg35xYNcrs,Sugar-Free Creamy Desserts To Eat Daily!,Healthy Immune Doc,https://www.youtube.com/watch?v=jRg35xYNcrs
jbCAeD8evBQ,,,https://www.youtube.com/watch?v=jbCAeD8evBQ
jgaoLdS82vw,"Build Muscle Size, Increase Strength & Improve Recovery | Huberman Lab Essentials",Andrew Huberman,https://www.youtube.com/watch?v=jgaoLdS82vw
jouFvyRZntk,,,https://www.youtube.com/watch?v=jouFvyRZntk
juD99_sPWGU,Dr. Andy Galpin: Maximize Recovery to Achieve Fitness & Performance Goals | Huberman Lab,Andrew Huberman,https://www.youtube.com/watch?v=juD99_sPWGU
jwChiek_aRY,,,https://www.youtube.com/watch?v=jwChiek_aRY
k8SBJzsIWAo,,,https://www.youtube.com/watch?v=k8SBJzsIWAo
kG5Qb9sr0YQ,How to Increase Your Emotional Intelligence | Dr. Marc Brackett,Andrew Huberman,https://www.youtube.com/watch?v=kG5Qb9sr0YQ
kHUlgP8a6dQ,Fight Breast Cancer: Avoid These 10 Common Foods,Healthy Immune Doc,https://www.youtube.com/watch?v=kHUlgP8a6dQ
kdOB3BbFadg,Why Water & Beverages Fail To Keep You Healthy.,Healthy Immune Doc,https://www.youtube.com/watch?v=kdOB3BbFadg
kgr22uMsJ5o,,,https://www.youtube.com/watch?v=kgr22uMsJ5o
koGyDWkZ9GM,,,https://www.youtube.com/watch?v=koGyDWkZ9GM
kpTJqwIfHcM,,,https://www.youtube.com/watch?v=kpTJqwIfHcM
l7RPIMqkHZc,Fight Arthritis: Top 10 Best Foods For Joints.,Healthy Immune Doc,https://www.youtube.com/watch?v=l7RPIMqkHZc
lHOJFQNYZIo,,,https://www.youtube.com/watch?v=lHOJFQNYZIo
lIo9FcrljDk,,,https://www.youtube.com/watch?v=lIo9FcrljDk
lYK4UFf8mlc,How to Find & Be a Great Romantic Partner | Lori Gottlieb,Andrew Huberman,https://www.youtube.com/watch?v=lYK4UFf8mlc
lbj358lwh6A,Top 10 Foods For Leaky Gut Revealed!,Healthy Immune Doc,https://www.youtube.com/watch?v=lbj358lwh6A
lsODSDmY4CY,,,https://www.youtube.com/watch?v=lsODSDmY4CY
m3wE-uAFpXk,Healing; What You Need To Know!,Healthy Immune Doc,https://www.youtube.com/watch?v=m3wE-uAFpXk
m8MqpGbiIFc,,,https://www.youtube.com/watch?v=m8MqpGbiIFc
mAlt_HKX4as,"Build a Strong, Pain-Proof Back | Dr. Stuart McGill",Andrew Huberman,https://www.youtube.com/watch?v=mAlt_HKX4as
mJv1_esiJ8g,"Healthy Eating & Eating Disorders - Anorexia, Bulimia, Binging | Huberman Lab Essentials",Andrew Huberman,https://www.youtube.com/watch?v=mJv1_esiJ8g
m_OazsImOiI,The Science & Treatment of Bipolar Disorder | Huberman Lab Podcast #82,Andrew Huberman,https://www.youtube.com/watch?v=m_OazsImOiI
n28W4AmvMDE,,,https://www.youtube.com/watch?v=n28W4AmvMDE
n391H__RjDk,Superfood Desserts To Crush Inflammation! Amazing!,Healthy Immune Doc,https://www.youtube.com/watch?v=n391H__RjDk
n9IxomBusuw,,,https://www.youtube.com/watch?v=n9IxomBusuw
nDLb8_wgX50,,,https://www.youtube.com/watch?v=nDLb8_wgX50
nHVWwHHVOJw,"The Scary Things Hiding In ""Healthy"" Foods",Healthy Immune Doc,https://www.youtube.com/watch?v=nHVWwHHVOJw
nOgypsWKjm4,,,https://www.youtube.com/watch?v=nOgypsWKjm4
nTE5Pxl4DY0,,,https://www.youtube.com/watch?v=nTE5Pxl4DY0
nVT9CnwlqQk,Longevity Tips By Okinawans Of Hawaii You Must Know!,Healthy Immune Doc,https://www.youtube.com/watch?v=nVT9CnwlqQk
ncSoor2Iw8k,,,https://www.youtube.com/watch?v=ncSoor2Iw8k
nkq4DNF6n2s,,,https://www.youtube.com/watch?v=nkq4DNF6n2s
nm1TxQj9IsQ,Master Your Sleep & Be More Alert When Awake,Andrew Huberman,https://www.youtube.com/watch?v=nm1TxQj9IsQ
nqNEtdHVUjM,How to Improve Brain Health & Offset Neurodegeneration | Dr. Gary Steinberg,Andrew Huberman,https://www.youtube.com/watch?v=nqNEtdHVUjM
ntfcfJ28eiU,,,https://www.youtube.com/watch?v=ntfcfJ28eiU
nvyQwfc54NA,,,https://www.youtube.com/watch?v=nvyQwfc54NA
nwSkFq4tyC0,,,https://www.youtube.com/watch?v=nwSkFq4tyC0
oBRrSju9FJQ,,,https://www.youtube.com/watch?v=oBRrSju9FJQ
oC3fhUjg30E,,,https://www.youtube.com/watch?v=oC3fhUjg30E
oL3SkPV1_Ik,,,https://www.youtube.com/watch?v=oL3SkPV1_Ik
oNkDA2F7CjM,,,https://www.youtube.com/watch?v=oNkDA2F7CjM
oUu3f0ETMJQ,,,https://www.youtube.com/watch?v=oUu3f0ETMJQ
oW65rmD_t9U,,,https://www.youtube.com/watch?v=oW65rmD_t9U
oWCTQF6WWnY,,,https://www.youtube.com/watch?v=oWCTQF6WWnY
of6M-iqf4c8,,,https://www.youtube.com/watch?v=of6M-iqf4c8
oqfktAF01xs,,,https://www.youtube.com/watch?v=oqfktAF01xs
oqiIH69q108,,,https://www.youtube.com/watch?v=oqiIH69q108
ouCWNRvPk20,,,https://www.youtube.com/watch?v=ouCWNRvPk20
ozerZWlFJJ0,,,https://www.youtube.com/watch?v=ozerZWlFJJ0
p3JLaF_4Tz8,,,https://www.youtube.com/watch?v=p3JLaF_4Tz8
p4ZfkezDTXQ,,,https://www.youtube.com/watch?v=p4ZfkezDTXQ
pN1UL1M9sqc,,,https://www.youtube.com/watch?v=pN1UL1M9sqc
pZX8ikmWvEU,,,https://www.youtube.com/watch?v=pZX8ikmWvEU
pfADSfggNjI,,,https://www.youtube.com/watch?v=pfADSfggNjI
pikmg_y0wwM,,,https://www.youtube.com/watch?v=pikmg_y0wwM
pkJi9Raxikg,,,https://www.youtube.com/watch?v=pkJi9Raxikg
poOf8b2WE2g,,,https://www.youtube.com/watch?v=poOf8b2WE2g
pq6WHJzOkno,,,https://www.youtube.com/watch?v=pq6WHJzOkno
pyxdJ-lotUM,,,https://www.youtube.com/watch?v=pyxdJ-lotUM
q-H_A_dQUxQ,,,https://www.youtube.com/watch?v=q-H_A_dQUxQ
q-wRvsiGYIs,,,https://www.youtube.com/watch?v=q-wRvsiGYIs
q1Ss8sTbFBY,,,https://www.youtube.com/watch?v=q1Ss8sTbFBY
q37ARYnRDGc,,,https://www.youtube.com/watch?v=q37ARYnRDGc
q8CHXefn7B4,,,https://www.youtube.com/watch?v=q8CHXefn7B4
qCFHZiTc23A,,,https://www.youtube.com/watch?v=qCFHZiTc23A
qEjS8t6FzJI,,,https://www.youtube.com/watch?v=qEjS8t6FzJI
qJ3uV7coZbA,,,https://www.youtube.com/watch?v=qJ3uV7coZbA
qMNRvV4GUMA,,,https://www.youtube.com/watch?v=qMNRvV4GUMA
qNzl12g0Dd8,,,https://www.youtube.com/watch?v=qNzl12g0Dd8
qPKd99Pa2iU,,,https://www.youtube.com/watch?v=qPKd99Pa2iU
qRECOgd52oI,,,https://www.youtube.com/watch?v=qRECOgd52oI
qUz93CyNIz0,,,https://www.youtube.com/watch?v=qUz93CyNIz0
qVCd2velHMA,,,https://www.youtube.com/watch?v=qVCd2velHMA
qdk7XuBgSjw,,,https://www.youtube.com/watch?v=qdk7XuBgSjw
qi4VwpEs3LE,,,https://www.youtube.com/watch?v=qi4VwpEs3LE
qsXN50rquAg,,,https://www.youtube.com/watch?v=qsXN50rquAg
qw58ygAPQig,,,https://www.youtube.com/watch?v=qw58ygAPQig
r9L4lyBQXRA,,,https://www.youtube.com/watch?v=r9L4lyBQXRA
rBeWtg9IPV4,,,https://www.youtube.com/watch?v=rBeWtg9IPV4
rRIpgfeZGFU,,,https://www.youtube.com/watch?v=rRIpgfeZGFU
rW9QKc-iFoY,,,https://www.youtube.com/watch?v=rW9QKc-iFoY
rZkMpVLcVsg,,,https://www.youtube.com/watch?v=rZkMpVLcVsg
rcAyjg-oy84,,,https://www.youtube.com/watch?v=rcAyjg-oy84
roXgYVWtYEE,,,https://www.youtube.com/watch?v=roXgYVWtYEE
rtuUcHCTKpU,,,https://www.youtube.com/watch?v=rtuUcHCTKpU
sTrfT1UAf4M,,,https://www.youtube.com/watch?v=sTrfT1UAf4M
siLdvVR19wI,,,https://www.youtube.com/watch?v=siLdvVR19wI
slUCmZJDXrk,,,https://www.youtube.com/watch?v=slUCmZJDXrk
smlDVHFpXIU,,,https://www.youtube.com/watch?v=smlDVHFpXIU
ssmwxKPFMFU,,,https://www.youtube.com/watch?v=ssmwxKPFMFU
ssxknlwesh8,,,https://www.youtube.com/watch?v=ssxknlwesh8
svFQoJeU0ig,,,https://www.youtube.com/watch?v=svFQoJeU0ig
sxgCC4H1dl8,,,https://www.youtube.com/watch?v=sxgCC4H1dl8
szqPAPKE5tQ,,,https://www.youtube.com/watch?v=szqPAPKE5tQ
t1F7EEGPQwo,,,https://www.youtube.com/watch?v=t1F7EEGPQwo
tIvUndCvbRg,,,https://www.youtube.com/watch?v=tIvUndCvbRg
tLRCS48Ens4,,,https://www.youtube.com/watch?v=tLRCS48Ens4
tLS6t3FVOTI,,,https://www.youtube.com/watch?v=tLS6t3FVOTI
tR73Ny4Dt9s,,,https://www.youtube.com/watch?v=tR73Ny4Dt9s
tYAoTxsopAg,,,https://www.youtube.com/watch?v=tYAoTxsopAg
tkH2-_jMCSk,,,https://www.youtube.com/watch?v=tkH2-_jMCSk
tpEGGoZo7OY,,,https://www.youtube.com/watch?v=tpEGGoZo7OY
tq0Yg3XtCVA,,,https://www.youtube.com/watch?v=tq0Yg3XtCVA
ttNxNbqNQK4,,,https://www.youtube.com/watch?v=ttNxNbqNQK4
uADrseD4k1g,,,https://www.youtube.com/watch?v=uADrseD4k1g
uWV9a3zEaL4,,,https://www.youtube.com/watch?v=uWV9a3zEaL4
uXs-zPc63kM,,,https://www.youtube.com/watch?v=uXs-zPc63kM
uak_dXHh6s4,,,https://www.youtube.com/watch?v=uak_dXHh6s4
ufsIA5NARIo,,,https://www.youtube.com/watch?v=ufsIA5NARIo
ulHrUVV3Kq4,,,https://www.youtube.com/watch?v=ulHrUVV3Kq4
uwWOc_RqTBA,,,https://www.youtube.com/watch?v=uwWOc_RqTBA
uxZFl4BDOGk,,,https://www.youtube.com/watch?v=uxZFl4BDOGk
uz8QdhFhOtM,,,https://www.youtube.com/watch?v=uz8QdhFhOtM
v-n64nBCt-g,,,https://www.youtube.com/watch?v=v-n64nBCt-g
v4HRWgwjP_k,,,https://www.youtube.com/watch?v=v4HRWgwjP_k
v4oiwrA4Fbg,,,https://www.youtube.com/watch?v=v4oiwrA4Fbg
v6gSLjGkQq8,,,https://www.youtube.com/watch?v=v6gSLjGkQq8
v9PKovj1st0,,,https://www.youtube.com/watch?v=v9PKovj1st0
vHjdNRNiLM4,,,https://www.youtube.com/watch?v=vHjdNRNiLM4
vMHQOnMfdxg,,,https://www.youtube.com/watch?v=vMHQOnMfdxg
vReiG5v6fPk,,,https://www.youtube.com/watch?v=vReiG5v6fPk
vSoQF6lZQ40,,,https://www.youtube.com/watch?v=vSoQF6lZQ40
vXYNDOJ42kU,,,https://www.youtube.com/watch?v=vXYNDOJ42kU
vZ4kOr38JhY,,,https://www.youtube.com/watch?v=vZ4kOr38JhY
vfRtLI6cJrk,,,https://www.youtube.com/watch?v=vfRtLI6cJrk
vm1GbSPx48g,,,https://www.youtube.com/watch?v=vm1GbSPx48g
w0P1MXLyV2Y,,,https://www.youtube.com/watch?v=w0P1MXLyV2Y
w9MXqXBZy9U,,,https://www.youtube.com/watch?v=w9MXqXBZy9U
wAQHviQZalU,,,https://www.youtube.com/watch?v=wAQHviQZalU
wAZn9dF3XTo,,,https://www.youtube.com/watch?v=wAZn9dF3XTo
wAnDWfEIwoE,,,https://www.youtube.com/watch?v=wAnDWfEIwoE
wDEAjKs9I64,,,https://www.youtube.com/watch?v=wDEAjKs9I64
wFucddupQlk,,,https://www.youtube.com/watch?v=wFucddupQlk
wRsX_ZkzxvQ,,,https://www.youtube.com/watch?v=wRsX_ZkzxvQ
wTBSGgbIvsY,,,https://www.youtube.com/watch?v=wTBSGgbIvsY
wegKDa2G9X0,,,https://www.youtube.com/watch?v=wegKDa2G9X0
wgUjIRtote8,,,https://www.youtube.com/watch?v=wgUjIRtote8
wiKHx76aYdg,,,https://www.youtube.com/watch?v=wiKHx76aYdg
x0hAmYbVpcA,,,https://www.youtube.com/watch?v=x0hAmYbVpcA
x3MgDtZovks,,,https://www.youtube.com/watch?v=x3MgDtZovks
x4m_PdFbu-s,,,https://www.youtube.com/watch?v=x4m_PdFbu-s
xFYillDHsls,,,https://www.youtube.com/watch?v=xFYillDHsls
xJ0IBzCjEPk,,,https://www.youtube.com/watch?v=xJ0IBzCjEPk
xTtM2AvCRyA,,,https://www.youtube.com/watch?v=xTtM2AvCRyA
xaE9XyMMAHY,,,https://www.youtube.com/watch?v=xaE9XyMMAHY
xh8h8ZHM5p8,,,https://www.youtube.com/watch?v=xh8h8ZHM5p8
xjEFo3a1AnI,,,https://www.youtube.com/watch?v=xjEFo3a1AnI
xmhsWAqP_0Y,,,https://www.youtube.com/watch?v=xmhsWAqP_0Y
xsGCSfnrm2c,,,https://www.youtube.com/watch?v=xsGCSfnrm2c
y8DuTHzWcLY,,,https://www.youtube.com/watch?v=y8DuTHzWcLY
yK-43U7qYFg,,,https://www.youtube.com/watch?v=yK-43U7qYFg
yOJvm_ri_hk,,,https://www.youtube.com/watch?v=yOJvm_ri_hk
yOoVz9E9kfQ,,,https://www.youtube.com/watch?v=yOoVz9E9kfQ
yZ6WXcYpFwc,,,https://www.youtube.com/watch?v=yZ6WXcYpFwc
yb5zpo5WDG4,,,https://www.youtube.com/watch?v=yb5zpo5WDG4
ycOBZZeVeAc,,,https://www.youtube.com/watch?v=ycOBZZeVeAc
ygA7oKI4f0M,,,https://www.youtube.com/watch?v=ygA7oKI4f0M
yixIc1Ai6jM,,,https://www.youtube.com/watch?v=yixIc1Ai6jM
z5W74QC3v2I,,,https://www.youtube.com/watch?v=z5W74QC3v2I
z8c6EyMNd0A,,,https://www.youtube.com/watch?v=z8c6EyMNd0A
zEYE-vcVKy8,,,https://www.youtube.com/watch?v=zEYE-vcVKy8
zFBJuuqtwtY,,,https://www.youtube.com/watch?v=zFBJuuqtwtY
zFboUkU3rMg,,,https://www.youtube.com/watch?v=zFboUkU3rMg
zU5EYw06wtw,,,https://www.youtube.com/watch?v=zU5EYw06wtw
zVCaYyUWWSw,,,https://www.youtube.com/watch?v=zVCaYyUWWSw
zbpb1wd-wvs,,,https://www.youtube.com/watch?v=zbpb1wd-wvs
zlc4VrDx_qk,,,https://www.youtube.com/watch?v=zlc4VrDx_qk
zpkwefXtbfk,,,https://www.youtube.com/watch?v=zpkwefXtbfk
zqANjUGarAw,,,https://www.youtube.com/watch?v=zqANjUGarAw
